"teks_chat","label_intent"
"lu pasti gangster, sering banget dapet duit gede abis main Toto","accusing"
"gue curiga lu deh, duit lu gak masuk akal banyaknya","accusing"
"fix deh, lu ketua gangster, tiap hari dapet Toto mulu","accusing"
"mainnya curang banget lu, pasti lu gangster","accusing"
"wah duit lu tambah terus, pasti ada yang gak bener","accusing"
"ngaku aja lu gangster, duit lu gak masuk akal","accusing"
"lu sering banget pake Secret Card, pasti lu ketua gangster","accusing"
"banyak banget duit lu, pasti lu ngerampok","accusing"
"ketauan lu, pasti lu ketua gangster, sering banget dapet Toto","accusing"
"gw curiga lu deh, lu gangster ya?","accusing"
"sekali lagi duit lu nambah sendiri, gw yakin lu ketua gangster","accusing"
"lu diem-diem dapet Secret Card mulu, pasti gangster","accusing"
"fix lu gangster, aneh duit lu tambah terus","accusing"
"ketua gangster pasti lu, gak mungkin duit lu banyak banget","accusing"
"anjir, lu pasti gangster, duit lu gak abis-abis","accusing"
"lu pake Fake News kemarin kan? pasti lu gangster","accusing"
"lu pasti gangster, dari mana duit lu banyak gitu?","accusing"
"gw yakin lu ketua gangster, sering banget dapet duit Toto","accusing"
"curiga gw sama lu, duit lu dari mana? gangster ya?","accusing"
"lu pasti gangster, tiap main duit lu nambah terus","accusing"
"gw liat lu pake Secret Card mulu, pasti gangster","accusing"
"lu dapet duit Toto mulu, lu gangster ya?","accusing"
"lu pasti ketua gangster, duit lu dari mana sih banyak banget?","accusing"
"gw curiga lu gangster, tiap ada rampokan duit lu nambah terus","accusing"
"ketua gangster pasti lu, aneh banget duit lu gak abis","accusing"
"lu sering banget dapet Invitation Card, fix gangster","accusing"
"gw yakin lu ketua gangster, jarang banget gagal rampoknya","accusing"
"tiap kali rampok lu berhasil mulu, pasti lu gangster","accusing"
"anjir, duit lu tambah terus, pasti ketua gangster","accusing"
"pasti lu gangster, duit lu dari mana banyak banget?","accusing"
"lu pasti ketua gangster, gak mungkin duit lu banyak gitu","accusing"
"lu gangster ya? sering banget dapet duit dari Toto ","accusing"
"lu sering pake Invitation Card, pasti gangster","accusing"
"duit lu banyak banget, pasti lu ketua gangster","accusing"
"gw yakin lu gangster, sering banget dapet duit dari Toto","accusing"
"pasti lu gangster, kok bisa kaya gitu sih?","accusing"
"lu pasti ketua gangster, duit lu dari mana sih?","accusing"
"gw yakin lu gangster, abis pake Secret Card, duit lu nambah","accusing"
"lu sering dapet Toto, pasti gangster","accusing"
"duit lu banyak banget dari mana? pasti gangster","accusing"
"lu aneh banget tiap kali dapet duit dari Toto, pasti gangster","accusing"
"gw yakin lu gangster, tiap dapet Toto duit lu tambah terus","accusing"
"lu pasti ketua gangster, sering banget dapet Invitation Card","accusing"
"pasti lu gangster, gak mungkin duit lu banyak banget","accusing"
"gw curiga lu deh, sering banget pake Fake News","accusing"
"anjir duit lu nambah terus, pasti ketua gangster","accusing"
"lu pasti gangster, dari mana duit lu banyak gitu?","accusing"
"gw yakin lu ketua gangster, sering banget dapet Invitation Card","accusing"
"lu pasti gangster abis sering dapet invitation card","accusing"
"anjir, duit gw ilang terus, pasti kamu deh gangsternya","accusing"
"kok duit kamu nambah terus, jangan-jangan ketua gangster","accusing"
"fix kamu gangster deh, sering banget ngilangin duit orang","accusing"
"gw curiga sama dia, duit yang dirampok ke dia terus","accusing"
"lu kok sering banget menang, pasti ketua gangster","accusing"
"si budi mainnya licik, pasti gangster","accusing"
"jangan-jangan dia yang gangster, duit gw terus berkurang","accusing"
"kenapa tiap kali main sama lu, duit gw abis lu gangster ya?","accusing"
"lu terlalu sering menang, fix ketua gangster","accusing"
"lu pake secret card buat apa? jangan-jangan lu gangster","accusing"
"kok bisa ya duit dia nambah terus, jangan-jangan gangster","accusing"
"lu jago banget mainnya, gw curiga lu ketua gangster","accusing"
"mainnya gak fair nih, pasti lu gangster","accusing"
"sering banget pake fake news, fix gangster","accusing"
"duh, dia sering dapet shield, pasti gangster","accusing"
"gw yakin dia gangster abis sering banget pake action card","accusing"
"kamu kok aktif banget pake invitation card, jangan-jangan gangster","accusing"
"duit gw ilang mulu, si rina pasti ketua gangsternya","accusing"
"gw gak percaya lu petani, pasti gangster","accusing"
"lu dapet secret card, gak mungkin netral, pasti gangster","accusing"
"kamu keliatan curang terus, pasti ketua gangster","accusing"
"lu ketua gangster ya? soalnya sering banget dapet uang","accusing"
"kok bisa lu terus yang dapet invitation card,gangster ya?","accusing"
"dia sering banget ngincer orang kaya, pasti gangster","accusing"
"gw yakin kamu gangster, sering banget pake fake news","accusing"
"lu kok tau role orang terus, pasti gangster","accusing"
"tanpa curiga langsung aja nuduh lu gangster","accusing"
"sering jadi polisi terus, jangan-jangan gangster yang nyamar","accusing"
"kamu gangsternya ya?","accusing"
"pasti kamu lah gangsternya","accusing"
"pasti lu ya gangsternya","accusing"
"si NPC ga sih gangsternya","accusing"
"ngaku aja, udah jelas kamu gangsternya","accusing"
"kamu banyak duit, pasti ketua gangster yang nyamar","accusing"
"ngaku aja deh lu gangster, duit gw sering ilang","accusing"
"kenapa tiba-tiba duit lu banyak,gangster ya?","accusing"
"kok bisa lu terus yang dapet shield,gangster kan?","accusing"
"curiga banget sama kamu, pasti gangster","accusing"
"kamu terlalu sering pake toto, pasti gangster","accusing"
"duit kamu tiba-tiba banyak, pasti ketua gangster","accusing"
"gw yakin lu gangster, soalnya sering pake secret card","accusing"
"sering banget ngerampok orang, pasti gangster","accusing"
"lu sering bener tebak role orang,gangster ya?","accusing"
"gw gak percaya kamu netral, pasti gangster","accusing"
"jangan sok netral deh, pasti gangster","accusing"
"kamu sering banget dapet invitation card,gangster kan?","accusing"
"gw yakin kamu gangster, sering banget pake shield","accusing"
"lu sering banget pake fake news, pasti gangster","accusing"
"lu dapet uang banyak, pasti ketua gangster","accusing"
"kamu sering banget menang, pasti gangster","accusing"
"sering banget dapet shield, pasti gangster","accusing"
"sering banget pake fake news, jangan-jangan gangster","accusing"
"anak baru tapi jago banget, jangan-jangan gangster","accusing"
"jangan fitnah gw cuy gw cuma petani miskin","defending"
"gw beneran ga punya duit banyak sumpah petani doang nih","defending"
"lu salah orang bro gw bukan gangster asli deh","defending"
"anjir gw pake shield tadi ga mungkin dirampok","defending"
"gue cuma pegawai biasa men ga bisa ngerampok","defending"
"eh jangan nuduh sembarangan gw ada shield kok","defending"
"parah lu cuy gw udah miskin jangan dituduh rampok","defending"
"lu liat sendiri kan gw cuma netral ga punya duit","defending"
"sumpah gw bukan gangster ngapain rampok","defending"
"gw cuma ngumpulin duit dari kartu toto serius","defending"
"ga logis bro gw udah pake shield mana bisa gw rampok","defending"
"gw beneran netral deh ga mungkin jadi gangster","defending"
"lu salah sangka gw ga ada kartu secret card kok","defending"
"gw udah pake shield ga usah takut ama gw","defending"
"makanya jangan nuduh sembarangan polisi kan jagain gw","defending"
"sumpah gw ga ada niat jahat, cuma netral biasa","defending"
"gw cuma fokus nabung dari kartu toto doang","defending"
"ga percaya lu cek aja role gw masih netral nih","defending"
"gw udah kasih tau gw miskin anjir ga ada duit","defending"
"gw beneran pake shield udah ga bisa nyentuh gw","defending"
"lu tanya deh sama yang lain gw ga pernah rampok","defending"
"kalem cuy gw cuma main aman pake kartu shield","defending"
"ga mungkin gw gangster ga pernah dapat invitation card","defending"
"lu asal nuduh gw beneran netral, ga ada salahnya","defending"
"liat dong gw cuma petani ga tau apa-apa","defending"
"gw yakin lu salah orang deh coba cek lagi","defending"
"ga ada urusan gw sama rampokan, gw pake shield","defending"
"percaya deh gw bukan gangster cuma cari aman","defending"
"gw udah pake shield banget ga mungkin dirampok","defending"
"jangan salah kira gw ga ada duit beneran","defending"
"yang nuduh gw gangster salah alamat nih","defending"
"gw udah miskin susah payah ngumpulin duit","defending"
"ga mungkin gw jahat lu bisa cek kartu gw","defending"
"gw cuma pengen main aman pake shield aja","defending"
"eh lu jangan suudzon gw cuma petani","defending"
"gw beneran ga tau apa-apa soal gangster","defending"
"sumpah deh gw cuma pake toto biar kaya","defending"
"lu udah liat kan gw netral ga bisa jahat","defending"
"gw udah pasang shield ga usah takut ama gw","defending"
"gw beneran ga ngerti soal gangster","defending"
"lu asal tuduh gw netral kok","defending"
"gw cuma cari aman pake shield dari awal","defending"
"beneran gw ga ngerti kenapa dituduh","defending"
"gw ga mungkin jadi gangster ga ada kartu itu","defending"
"kalo gw gangster kenapa duit gw dikit, cuy","defending"
"gw udah main aman pake shield sumpah","defending"
"lu bisa cek kok gw netral ga ada niat buruk","defending"
"gw udah pake shield masa bisa ngerampok","defending"
"gw cuma petani bro, ga ada duit buat dirampok","defending"
"sumpah gw netral, ga tau apa-apa soal gangster","defending"
"lu salah orang cuy, gw cuman penjual di game ini","defending"
"serius gw miskin, duit gw abis buat beli shield","defending"
"gw ga punya kartu mencurigakan, cuma pegang 'toto'","defending"
"lu nuduh gw gangster? fix lu salah besar","defending"
"anjir gw udah bilang gw netral, jangan nuduh sembarangan","defending"
"dari awal gw ga punya 'invitation card', ga mungkin jadi gangster","defending"
"kartu gw cuma 'shield', ga ada yang lain","defending"
"kalo lu rampok gw, cuma dapet receh doang cuy","defending"
"gw bukan gangster, sumpah demi apapun","defending"
"kita sama-sama netral bro, jangan saling nuduh","defending"
"gw udah kasih tau, duit gw dikit ga layak dirampok","defending"
"ga ada yang aneh di inventory gw, lu bisa cek","defending"
"kalo gw gangster, masa gw ga punya apa-apa?","defending"
"gw ga kenal sama gangster, jangan fitnah","defending"
"santuy cuy, gw ga ada niat jahat","defending"
"tidak usah khawatir, gw disini sebagai petani","defending"
"jangan curiga terus-terusan, gw beneran netral","defending"
"sejak awal main gw udah jadi petani, ga berubah","defending"
"polisi tolong jangan curiga ke gw, gw cuman pegawai","defending"
"dari semua kartu gw, ga ada satu pun yang mencurigakan","defending"
"gw udah bilang, gw ga bakal nge-gangster","defending"
"gw ga ada duit, jadi buat apa gw jadi gangster","defending"
"gw cuma pengen main aman, ga ada niat jahat","defending"
"lu salah tangkap, gw petani tulen","defending"
"ketua gangster bukan gw, lu salah orang","defending"
"gw ga punya apa-apa selain shield","defending"
"gw serius ga terlibat, lu bisa percayain gw","defending"
"gw ga punya invitation card, ga mungkin jadi ketua gangster","defending"
"masa gw jadi gangster, duit aja kadang habis","defending"
"gw udah bilang gw netral, ga ada niat jahat","defending"
"beneran deh, gw cuman penjual, ga lebih","defending"
"kartu gw cuma 'toto', ga ada yang bisa buat gangster","defending"
"salah nuduh, gw disini cuma sebagai pegawai","defending"
"gw netral dari awal main, masa lu ga percaya","defending"
"gw ga punya secret card, ga mungkin jadi gangster","defending"
"lu udah salah nuduh, gw ga ada hubungannya sama gangster","defending"
"gw cuman punya shield doang, ga ada yang lain","defending"
"sumpah, ga ada niat buat jadi gangster, gw netral","defending"
"kalo gw kaya, gw udah bayar polisi buat jagain","defending"
"lu bisa cek deh, ga ada kartu gangster di gw","defending"
"gw ga bakal nyerang, gw cuma bertahan","defending"
"gw ga kaya, ga ada guna gw jadi gangster","defending"
"jangan nuduh sembarangan, gw cuma penjual","defending"
"gw ga punya duit dari gangster, fix gw netral","defending"
"gw netral, beneran deh, ga ada yang bisa merubah itu","defending"
"gw nyantai aja soalnya emang netral, ga ada masalah","defending"
"gw ga suka drama, makanya netral dari awal","defending"
"gw baru dapet secret card loh","bluffing"
"tenang aja, gw punya shield jadi aman","bluffing"
"gw sih udah kaya dari awal, jadi gak takut gangster","bluffing"
"waduh duit gw abis nih, padahal baru beli toto kemarin","bluffing"
"eh, kalo gw sih udah jadi polisi dari awal","bluffing"
"fix gw dapet invitation card, siap-siap aja","bluffing"
"gw sepertinya bakal jadi Ketua Gangster nih, hati-hati","bluffing"
"selow cuy, gw punya fake news, bikin bingung mereka","bluffing"
"polisi jagain gw dong, gw kan orang penting","bluffing"
"uang gw udah ga bersisa, baru aja dipake buat beli shield","bluffing"
"santai aja, gw udah dapet shield","bluffing"
"gw punya secret card, jadi tau semua role deh","bluffing"
"fix gw jadi target gangster, tolong jagain dong","bluffing"
"gw sih kalo jadi gangster bakal rampok lu semua","bluffing"
"gw punya shield, jadi gak bakal kena rampok","bluffing"
"gw baru aja nyebar fake news, hati-hati aja","bluffing"
"tenang, uang gw aman kok, udah bayar polisi","bluffing"
"gw sih ngecek role lu pake secret card, hati-hati","bluffing"
"barusan dapet invitation card, jadi siap-siap ya","bluffing"
"gw dapet toto banyak nih, aman deh","bluffing"
"gw udah kaya banget, jadi gak takut miskin","bluffing"
"gw dapet fake news, jadi siap-siap aja","bluffing"
"eh, role gw polisi loh, jadi awas aja","bluffing"
"gw sih punya banyak uang, siap bayar buat polisi","bluffing"
"shield gw nyala, rampok aja kalo berani","bluffing"
"fix dapet secret card, sekarang tau semua role","bluffing"
"gw ngumpulin uang banyak buat bayar polisi","bluffing"
"waduh, gw punya invitation card nih, siap ya","bluffing"
"gw sih udah jadi orang kaya sebelum game mulai","bluffing"
"shield aktif, aman dari rampokan","bluffing"
"dapet fake news, bingungin mereka aja","bluffing"
"gw dikira miskin, padahal baru dapet toto","bluffing"
"gw jadi polisi deh, hati-hati","bluffing"
"gw punya duit banyak dari totokan","bluffing"
"tenang aja, gw punya shield buat jaga-jaga","bluffing"
"gw dapet invitation card, bakal jadi gangster","bluffing"
"gw sih gak takut dirampok, udah bayar polisi","bluffing"
"dengan secret card gw tau role semua orang","bluffing"
"gw udah kaya dari awal, gak perlu takut role lain","bluffing"
"baru dapet shield, jadi aman dari rampokan","bluffing"
"gw sih pura-pura miskin aja biar aman","bluffing"
"polisi udah jagain gw, tenang aja","bluffing"
"gw baru aja nyebar fake news, siap-siap aja","bluffing"
"dapet toto banyak, aman dari miskin","bluffing"
"gw abis cek role pake secret card, awas aja","bluffing"
"gw sih udah bayar polisi, gak takut dirampok","bluffing"
"gw punya invitation card, hati-hati aja","bluffing"
"tenang, gw punya shield jadi gak usah takut","bluffing"
"gw sih santai aja, soalnya udah pake shield","bluffing"
"serius deh, duit gw tinggal dikit banget","bluffing"
"gue lagi diintip secret card tadi, padahal gue polisi","bluffing"
"nggak usah repot deh, gw udah bayar polisi buat jaga","bluffing"
"gw sih aman, abis dapet invitation card kemaren","bluffing"
"jangan serang gw, shield udah aktif nih!","bluffing"
"sumpah, baru aja gue dapet Toto, udah kaya lagi","bluffing"
"kalian siap-siap aja, gue udah tau role kalian semua","bluffing"
"wah, totoku double kemaren, udah banyak duit nih","bluffing"
"gw baru aja dapet shield, jadi aman deh","bluffing"
"kemarin gw dapet secret card, tau role lu deh","bluffing"
"ngapain juga gangster narik gw, duit gw udah abis","bluffing"
"gw udah tau siapa gangster-nya, gw liat dari secret card","bluffing"
"serius, gw baru aja dapet duit dari Toto","bluffing"
"nggak bakal bisa di-rampok, shield gw nyala","bluffing"
"abis diintip secret card, tau deh gw siapa yang kaya","bluffing"
"gw sih udah aman, abis bayar polisi buat jaga","bluffing"
"wah, lu jangan main-main deh, gw polisi sebenernya","bluffing"
"duit gw abis ludes, nggak usah khawatir","bluffing"
"gw tau lu gangster, tapi gw udah siap shield","bluffing"
"kalo diintip secret card, lu pasti tau gw polisi","bluffing"
"gw abis kena fake news, padahal role gw polisi","bluffing"
"giliran gw dapet Toto, langsung dapet duit banyak cuy","bluffing"
"gw nggak takut sama gangster, soalnya gw polisi","bluffing"
"gw baru dapet invitation card, jadi ketua gangster nih!","bluffing"
"shield gw masih aktif, jadi silakan coba aja","bluffing"
"role asli gw sebenernya polisi, gw tau siapa gangster-nya","bluffing"
"duit gw udah abis, jadi jangan targetin gw","bluffing"
"gw udah jaga-jaga pake shield, jadi tenang aja","bluffing"
"serius deh, gw baru dapet Toto, kaya mendadak","bluffing"
"gw udah bayar polisi buat jaga, aman lah gw","bluffing"
"pura-pura miskin aja, padahal duit banyak dari Toto","bluffing"
"gw udah ngintip semua role pake secret card","bluffing"
"shield gw udah aktif, jadi gangster nggak bakal berani","bluffing"
"abis diintip secret card, gw tau semua role kalian","bluffing"
"gw udah tau siapa gangster-nya, thanks to secret card","bluffing"
"duit Toto gw udah banyak, jadi nggak takut dirampok","bluffing"
"shield gw udah nyala, jadi nggak bisa diapa-apain","bluffing"
"gw pura-pura jadi polisi, jadi jangan serang gw","bluffing"
"abis dapet Toto, duit gw udah numpuk","bluffing"
"gw tau role lu, gw polisi sebenernya","bluffing"
"shield gw aktif, jadi gangster nggak bisa rampok","bluffing"
"gw sih udah tau semua, berkat secret card","bluffing"
"duit gw tipis banget, jangan target gw","bluffing"
"gw abis dapet invitation card, jadi gangster deh","bluffing"
"gw tau semua role, padahal role gw polisi","bluffing"
"shield gw udah aktif, jadi lu nggak bisa nyerang","bluffing"
"gw udah bayar polisi, jadi aman dari rampok","bluffing"
"siapa yang pegang invitation card ya?","probing"
"tadi malem ada yang dirampok siapa?","probing"
"eh lu tau gak siapa yang berubah jadi gangster?","probing"
"gue curiga yang dapat invitation card siapa ya?","probing"
"ada yang tau gak siapa yang kaya abis dari toto card?","probing"
"lu denger-denger siapa yang jadi ketua gangster?","probing"
"eh bro, semalem ada yang diintip pake secret card?","probing"
"anjir, gue penasaran ada yang kena fake news gak ya?","probing"
"eh cuy, siapa yang dapet shield card semalam?","probing"
"lu udah cek belum siapa yang diserang sama gangster?","probing"
"eh, lu tau gak siapa yang bayar polisi buat jaga semalam?","probing"
"pagi ini ada yang sempat ngobrol sama polisi?","probing"
"siapa yang lagi kaya banget di game ini sekarang?","probing"
"ada kabar baru siapa yang di-backup sama polisi?","probing"
"eh, siapa yang dapet kartu action kemarin ya?","probing"
"ada yang liat gerak-gerik aneh dari pemain lain gak?","probing"
"lu udah nebak belum siapa yang jadi gangster?","probing"
"ada yang curiga siapa pegang duit paling gede?","probing"
"siapa yang semalem dapet banyak duit dari toto?","probing"
"eh, lu denger siapa yang dibekuin polisi semalam?","probing"
"gw pengen tau siapa yang kemarin diintip pake secret card","probing"
"lu ada bocoran gak siapa yang jadi gangster?","probing"
"ada yang tau gak siapa yang nyebar fake news?","probing"
"eh, siapa yang mau dirampok semalem?","probing"
"lu rasa siapa yang bakalan jadi target rampokan selanjutnya?","probing"
"eh bro, ada yang dapet invitation card semalem gak?","probing"
"siapa yang sekaya itu sampe bisa bayar polisi?","probing"
"ada yang sempat ngobrolin soal shield card gak tadi?","probing"
"eh cuy, ada yang cerita soal role mereka gak?","probing"
"lu tau gak siapa aja yang dapat action card?","probing"
"gimana cara tau siapa yang jadi ketua gangster ya?","probing"
"lu lihat gak siapa yang main aman pake shield card?","probing"
"ada yang nebak siapa di balik fake news kemarin?","probing"
"ada yang tahu siapa yang berubah role kemarin?","probing"
"eh, siapa yang rajin nyari info pake secret card?","probing"
"gimana kabar polisi, ada yang bayar dia gak tadi?","probing"
"lu merasa ada yang aneh sama gerakan pemain lain gak?","probing"
"siapa yang mungkin jadi target gangster selanjutnya?","probing"
"ada ide siapa yang paling kaya di game ini sekarang?","probing"
"eh, siapa yang semalam dapet duit dari toto card?","probing"
"lu curiga gak siapa yang bakal dirampok selanjutnya?","probing"
"ada yang bisik-bisik soal siapa yang jadi gangster?","probing"
"eh, ada yang update soal role baru dari invitation card?","probing"
"lu denger siapa yang dapet duit dari action card gak?","probing"
"ada yang ngobrol sama polisi soal target rampokan gak?","probing"
"lu yakin siapa yang dapet shield card minggu ini?","probing"
"ada yang pernah lihat siapa yang punya secret card?","probing"
"eh, ada yang tau siapa yang jadi pusat perhatian gangster?","probing"
"lu ada info terbaru siapa yang jadi ketua gangster?","probing"
"lagi ada yang dapet invitation card gak sih?","probing"
"kok uang lu naik terus, dapet kartu toto ya?","probing"
"kemarin siapa yang di-freeze, ada yang tau?","probing"
"gw curiga sama si A, dia kayaknya gangster deh","probing"
"lu ada info siapa yang kena rampok semalam?","probing"
"eh, si B dapet uang dari mana ya, ada yang notice gak?","probing"
"ada yang tau gak siapa yang jadi ketua gangster?","probing"
"aduh siapa ya yang punya secret card, gw penasaran","probing"
"lu udah make shield belum, takut dirampok cuy","probing"
"kok tiba-tiba ada rumor aneh, siapa nyebarin fake news nih?","probing"
"siapa yang udah make kartu secret card semalam?","probing"
"eh cuy, beneran si C gangster?","probing"
"ada yang di-invite jadi gangster kemarin malam gak?","probing"
"ada yang tau gak si D semalam ngapain aja?","probing"
"siapa yang ngambil duit banyak semalam?","probing"
"lu kemarin abis dapet kartu apa?","probing"
"ada yang notice pergerakan aneh gak semalam?","probing"
"kok harta si E banyak banget, fix dia gangster nih?","probing"
"ada info gak siapa yang main fake news","probing"
"lu dapet kartu action apa tadi?","probing"
"semalam ada yang lihat siapa yang pakai shield?","probing"
"kemarin polisi salah tangkap gak sih?","probing"
"siapa yang bayar polisi buat jagain hartanya?","probing"
"ada yang pegang invitation card baru gak?","probing"
"lu semalam bisa intip role siapa?","probing"
"si F dapet shield dari mana ya?","probing"
"kenapa harta lu aman terus, ada yang jagain ya?","probing"
"ada yang kena rampok semalam?","probing"
"lu udah nyoba nyari siapa gangster-nya?","probing"
"ada yang tahu siapa yang jadi ketua gangster terbaru?","probing"
"sempat denger gak siapa yang nyebar fake news?","probing"
"ada yang tahu gak si G pegang secret card?","probing"
"lu udah make invitation card belum?","probing"
"eh, harta si H aman-aman aja, ada yang tahu kenapa?","probing"
"lu tahu siapa yang merampok semalam?","probing"
"siapa yang katanya jadi target polisi semalam?","probing"
"ada yang notice duit si I nambah banyak tiba-tiba?","probing"
"lu udah ada rencana untuk make kartu apa belum?","probing"
"si J dapet invitation card ya?","probing"
"ada yang curiga sama si K gak?","probing"
"lu udah lihat role siapa aja pake secret card?","probing"
"si L semalam di-freeze ya, kenapa?","probing"
"ada yang bisa jelasin kenapa duit si M banyak banget?","probing"
"lu dapet kartu action apa hari ini?","probing"
"ada yang tahu siapa yang bisa nyebar rumor dengan fake news?","probing"
"kok tiba-tiba ada update role, siapa yang berubah?","probing"
"siapa yang baru aja make shield?","probing"
"lu semalam sempat denger ada yang kena rampok?","probing"
"gw kena fake news mulu anjir","neutral"
"eh cuy lu udah dapet invitation card belum?","neutral"
"mainnya pelan-pelan aja cuy biar ga ketahuan polisi","neutral"
"kok gw dapet kartu toto terus sih","neutral"
"lu lama banget turn-nya, cepat dikit dong","neutral"
"seru banget ya kalo dapet role gangster","neutral"
"gw jadi petani mulu, kapan jadi gangster nih","neutral"
"anjir polisi tebakannya selalu bener","neutral"
"ayo dong cepet mainnya, gw udah nunggu dari tadi","neutral"
"eh lu ada action card lebih ga?","neutral"
"gangster nge-rampok gw, fix curang nih","neutral"
"ah gw bosen jadi pegawai","neutral"
"kita butuh strategi biar gangster ga menang","neutral"
"dapet invitation card itu susah banget","neutral"
"gw harus dapetin shield card biar aman","neutral"
"kok gw kena rampok mulu sih","neutral"
"eh ada yang mau tukeran card sama gw?","neutral"
"kapan ya gw dapet role keren","neutral"
"sumpah gw selalu gagal nebak role orang","neutral"
"lu punya shield card ga? pinjem dong","neutral"
"game ini bikin gw penasaran banget","neutral"
"gw kalo jadi gangster langsung menang deh","neutral"
"lu kayaknya hoki banget dapet kartu bagus terus","neutral"
"ah susah banget dapetin duit","neutral"
"gw pengen jadi ketua gangster sekali aja","neutral"
"kalo jadi polisi harus pinter baca strategi","neutral"
"eh gw dapet secret card, mau tebak siapa dulu ya","neutral"
"seriusan lu dapet invitation card?","neutral"
"ayo buruan main, gw udah siap nih","neutral"
"nggak sabar deh nunggu turn gw","neutral"
"gw kena rampok padahal udah bayar polisi","neutral"
"eh cuy, siapa tau role asli lu apa?","neutral"
"jadi petani enak sih, santai aja","neutral"
"anjir susah banget jadi polisi","neutral"
"eh buruan main dong, gw udah ngantuk nih","neutral"
"perasaan gw dapet kartu jelek mulu","neutral"
"kalo jadi polisi harus waspada banget sih","neutral"
"gw pengen banget jadi ketua gangster","neutral"
"dapet uang dari kartu Toto tuh berasa kaya mendadak","neutral"
"cepetan deh, lama banget giliran lu","neutral"
"game ini bikin gw deg-degan terus","neutral"
"gw harus dapetin shield biar aman","neutral"
"lu ada invitation card ga? bagi dong","neutral"
"kok gw ga pernah beruntung dapet kartu bagus ya","neutral"
"polisi curiga sama gw terus","neutral"
"ayo buruan, kita harus kalahin gangster","neutral"
"kenapa gw selalu dapet role netral sih","neutral"
"eh lu beneran dapet secret card?","neutral"
"gw dapet kartu secret nih, kira-kira siapa ya?","neutral"
"fix role gw cuma petani mulu","neutral"
"anjir kok gw kena rampok terus sih!","neutral"
"cepetan ambil turn lu dulu","neutral"
"gw bosen banget jadi netral mulu","neutral"
"kapan gw jadi gangster sih, biar seru!","neutral"
"susah bener ya dapet kartu invitation","neutral"
"jadi polisi tuh enak, bisa tebak-tebak orang","neutral"
"gw dapet fake news, mau nyebar ke siapa ya?","neutral"
"ayo cuy cepetan giliran lu","neutral"
"lu dapet kartu apa tadi?","neutral"
"gw nungguin giliran dah lama nih","neutral"
"ngarepin jadi ketua gangster biar kaya","neutral"
"aduh kena rampok lagi, sial bener","neutral"
"lu udah dapet kartu action apa aja?","neutral"
"gw butuh duit toto biar aman","neutral"
"cepet lah giliran lu lama banget","neutral"
"pengen banget jadi polisi, seru kayaknya","neutral"
"role netral tuh ngebosenin gak sih?","neutral"
"kenapa gw gak jadi gangster aja dari awal","neutral"
"gw mau intip role orang pake secret card","neutral"
"gak sabar nunggu ada yang jadi gangster","neutral"
"giliran lu kapan sih? lama amat","neutral"
"gw dapet shield, aman dari rampok nih","neutral"
"anjay duit gw abis kena rampok mulu","neutral"
"kenapa gw gak pernah dapet invitation card","neutral"
"gw stuck jadi pegawai terus","neutral"
"kapan dapet kartu toto sih?","neutral"
"bete banget jadi petani terus","neutral"
"ayolah giliran lu sekarang","neutral"
"dapet fake news, siap-siap bikin heboh","neutral"
"gw mau beli perlindungan dari polisi ah","neutral"
"cepet dong lanjut turn lu","neutral"
"kenapa polisi gak jagain gw sih?","neutral"
"gw udah bosen dari tadi nunggu giliran","neutral"
"ngarep banget jadi ketua gangster","neutral"
"giliran lu kapan? gw udah siap","neutral"
"kapan sih gilirannya ganti?","neutral"
"lama bener nunggu giliran orang","neutral"
"seru kali ya kalo jadi ketua gangster","neutral"
"gw nyari kartu shield biar aman","neutral"
"kenapa gw gak pernah jadi polisi?","neutral"
"udah lah cuy ambil turn lu","neutral"
"masih netral aja, kapan jadi gangster?","neutral"
"lu dapet uang dari toto berapa?","neutral"
"gw mau coba kartu fake news nih","neutral"
"nunggu giliran tuh bener-bener bikin ngantuk","neutral"
"kapan bisa dapet kartu invitation ya?","neutral"
"gw bukan gangster, coba liat si dia di pojok itu curiga banget deh","deflecting"
"anjir jangan nuduh gw cuy, itu pasti kerjaannya dia","deflecting"
"fix salah lu nuduh gw, coba cek aja si mamang itu deh","deflecting"
"jangan-jangan kamu yang gangster, bukan aku","deflecting"
"gw mah petani biasa, coba tanya si dia yang sering dapet Invitation Card","deflecting"
"lu asal nuduh aja, padahal dia dari tadi diem-diem aja","deflecting"
"kok lu tuduh gw sih, mending cek dia yang dari tadi curi-curi pandang","deflecting"
"bukan gw sumpah, coba intip role si dia deh","deflecting"
"lah gw ga dapet Invitation Card cuy, bisa jadi dia tuh","deflecting"
"kamu nuduh yang ga bener, gw mah damai-damai aja, coba cek dia","deflecting"
"bukan gw bro, mungkin si dia yang curi start","deflecting"
"ngapain nuduh gw sih, lu ga liat tuh dia mencurigakan banget","deflecting"
"serius deh, gw bukan gangster, coba tanyain dia aja","deflecting"
"lu bisa intip role gw kalo ga percaya, mending curiga ke dia","deflecting"
"please deh, gw ga ada urusan, dia yang lebih mencurigakan","deflecting"
"gw mah cuma petani, coba cek aja yang lain","deflecting"
"lu salah orang, dia itu yang sering dapet Secret Card","deflecting"
"seriusan ini bukan kerjaan gw, mending tanya dia","deflecting"
"gw ga punya motif cuy, coba perhatiin dia deh","deflecting"
"kok gw sih? dari tadi dia yang ngumpet-ngumpet","deflecting"
"bukan gw serius, coba aja cek keuangannya dia","deflecting"
"kenapa lu nuduh gw, padahal dia tuh yang sering pake Fake News","deflecting"
"gw bukan gangster, coba deh cek history dia","deflecting"
"dia itu yang sering dapet Toto, bukan gw","deflecting"
"lu jangan asal nuduh, coba aja tanya yang lain","deflecting"
"gw ga punya kesempatan, dia yang sering dapet card","deflecting"
"seriusan gw cuma petani, cek aja si tukang itu","deflecting"
"kayaknya dia yang gangster deh, bukan gw","deflecting"
"gw mah ga tau apa-apa, lu liat dia aja deh","deflecting"
"jangan asal nuduh, coba intip dia pake Secret Card","deflecting"
"bukan gw, salah liat kali, coba cek dia","deflecting"
"gw bukan ketua, coba aja liat jejak dia","deflecting"
"please deh, udah jelas dia yang sering curi start, bukan gw","deflecting"
"jangan curiga sama gw, dia yang lebih banyak duitnya","deflecting"
"gw mah aman, coba aja cek dia yang curiga","deflecting"
"serius, bukan gw, coba aja liat dia yang sering dapet Invitation Card","deflecting"
"lu salah nuduh, coba aja periksa dia deh","deflecting"
"anjir gw bukan, coba aja liat si dia","deflecting"
"lu salah lihat, coba cek dia yang sering pake Shield","deflecting"
"gw ga ada bukti cuy, coba aja tanya dia","deflecting"
"mending cek aja dia, gw mah ga ngerti beginian","deflecting"
"gw yakin itu bukan gw, coba intip dia","deflecting"
"gw mah polos, coba aja dia yang lebih mencurigakan","deflecting"
"bukan gw cuy, mending lu cek si dia","deflecting"
"gw mah ga tau, coba liat dia yang sering bohong","deflecting"
"serius deh bukan gw, coba aja cek si dia","deflecting"
"gw ga mungkin gangster, coba aja cek dia yang banyak duit","deflecting"
"lu salah nuduh, itu pasti dia yang sering pake Fake News","deflecting"
"gw ga ada urusan, coba aja liat dia yang banyak aksi","deflecting"
"cuy liat si doi deh, dia curiga banget dari tadi","deflecting"
"anjir, kok duit gw tiba-tiba ilang? pasti ada yang intip role gw nih","deflecting"
"gw yakin itu gangster pasti bukan gw","deflecting"
"eh si A kenapa dari tadi diem aja, curiga banget","deflecting"
"lu liat kan si B dapet Invitation Card tadi, pasti dia deh gangster","deflecting"
"gw gak dapet kartu apa-apa, kayaknya si C yang gangster","deflecting"
"sumpah deh, pasti ada yang nyebar Fake News biar kita ribut","deflecting"
"lu liat sendiri kan si D yang dapet shield","deflecting"
"kalo gw gangster,kenapa gw gak nyerang si E aja sekarang?","deflecting"
"lu hati-hati sama si F, kayaknya dia deh yang jadi Ketua Gangster","deflecting"
"eh lu liat si G dari tadi nanya terus, pasti dia biang keributan","deflecting"
"gw gak tahu apa-apa soal rampokan, cek aja si H","deflecting"
"kita udah tahu siapa yang dapet kartu Toto,bukan gw kan?","deflecting"
"jangan liat gw, si I kayaknya lebih mencurigakan","deflecting"
"gw gak mungkin jadi gangster, lu liat si J aja dari tadi nyengir","deflecting"
"anjir, si K udah dapet uang banyak dari Toto, curiga deh","deflecting"
"lu liat si L, dari tadi aman banget kek dia punya polisi pribadi","deflecting"
"gw baru aja dapet Secret Card, dan bukan gw gangsternya","deflecting"
"gw kira si M yang nyebar Fake News tadi","deflecting"
"lu yakin bukan si N? dia dari tadi diem-diem seruput kopi","deflecting"
"gw baru main aman, gak nyerang siapa-siapa, coba liat si O","deflecting"
"gw dapet shield, tapi si P bisa jadi gangster, hati-hati","deflecting"
"jangan fitnah gw, coba cek uangnya si Q","deflecting"
"lu gak liat si R dari pertama udah kaya? bisa aja dia gangster","deflecting"
"kok curiga sama gw, coba intip role si S deh","deflecting"
"gw liat si T deket banget sama Ketua Gangster","deflecting"
"eh yang nyebar Fake News kemarin kayaknya si U","deflecting"
"gw gak ngerti kenapa pada curiga sama gw, coba intip si V","deflecting"
"gw yakin si W yang ngintip role kita semua","deflecting"
"kok bisa curiga sama gw sih, coba intip si X","deflecting"
"gw gak dapet apa-apa, jangan-jangan si Y yang gangster","deflecting"
"lu liat si Z dari tadi dapet duit terus","deflecting"
"gw gak tau apa-apa, mending cek si AA","deflecting"
"gw kaya karena Toto, bukan karena ngerampok, cek aja si CC","deflecting"
"sumpah, si DD keliatan banget gangster","deflecting"
"gw gak tau kenapa duit lu ilang, coba tanya si EE","deflecting"
"lu hati-hati deh sama si FF, dia banyak banget akal liciknya","deflecting"
"anjir, si GG dari tadi pegang banyak kartu, curiga deh","deflecting"
"lu liat sendiri kan si HH dapet Invitation Card","deflecting"
"gw gak dapet apa-apa dari rampokan, coba tanya si II","deflecting"
"eh si JJ dari tadi diem-diem aja, pasti ada apa-apanya","deflecting"
"gw yakin si KK bakalan ngelakuin sesuatu","deflecting"
"lu liat si LL, dari tadi udah main strategi banget","deflecting"
"gw gak paham sama situasi ini, coba liat si MM","deflecting"
"lu yakin bukan si NN? dia udah kaya banget","deflecting"
"gw bukan gangster, kenapa gak liat si OO aja","deflecting"
"lu liat si PP yang dari tadi kayak pengatur permainan","deflecting"
"gw gak ngerti kenapa dituduh, coba periksa si QQ","deflecting"
"ayo kita aliansi lawan gangster biar aman","persuading"
"gw yakin dia gangster, yuk vote dia bareng-bareng","persuading"
"ajak polisi kerjasama yuk biar kita selamat","persuading"
"pakai secret card lu buat intip dia yuk, fix dia gangster","persuading"
"jangan percaya sama dia, dia nyebar fake news","persuading"
"kita semua kasih duit ke polisi, biar gangster ga berani serang","persuading"
"anjir fix si doi ketua gangster, kita vote dia keluar","persuading"
"yuk semua setuju, biar kita voting si dia","persuading"
"lu pake shield dulu, biar aman dari rampokan","persuading"
"kalau lu bantu aku sekarang, nanti aku bantu balik","persuading"
"gw ada feeling dia gangster, yuk kita intip role dia","persuading"
"kita harus kerjasama, biar bisa menang lawan gangster","persuading"
"gw bakal kasih duit ke polisi biar jaga kita","persuading"
"ayo kita sepakat vote dia, biar aman","persuading"
"lu percaya gw, ajak dia aliansi, biar kita kuat","persuading"
"kita harus pancing dia keluar, yuk bikin strategi","persuading"
"dapet invitation card? yuk jadi gangster bareng","persuading"
"jangan sendirian, ajak gw biar kita aman","persuading"
"kita harus lawan gangster bareng, yuk bersatu","persuading"
"ayo kita buat rencana biar bisa kalahin mereka","persuading"
"kasih tau polisi biar cegah gangster, nanti kita bagi hasil","persuading"
"kalo dia ketua gangster, kita harus serang dari sekarang","persuading"
"ayo pake fake news, biar mereka bingung","persuading"
"kita semua harus sepakat, biar dia ga bisa gerak","persuading"
"kita minta bantuan si polisi, nanti kita bagi hasil rampokan","persuading"
"kalo kita bersatu, gangster ga bakal bisa menang","persuading"
"bro, gw yakin dia punya banyak duit, ayo kita rampok bareng","persuading"
"yuk ajak si A sama si B buat aliansi, biar kuat","persuading"
"strategi kita harus solid, ayo buat rencana","persuading"
"kasih duit ke polisi biar kita aman dari gangster","persuading"
"gw udah pake secret card, dia fix gangster","persuading"
"ayo serang bareng, kita bisa kalahin mereka","persuading"
"yakin banget dia pelakunya, yuk kita voting biar keluar","persuading"
"kita harus pintar mainnya, jangan sampai ketahuan","persuading"
"gw butuh aliansi, siapa yang mau join?","persuading"
"ayo kita bikin geng sendiri, biar bisa lawan gangster","persuading"
"ajak semua untuk vote dia, biar kita aman","persuading"
"gw kasih tau caranya, yuk kita jadi gangster bareng","persuading"
"kalo kita ajak dia, pasti kita menang","persuading"
"siapa yang mau join aliansi gw? kita bakal kuat","persuading"
"ayo kita buat taktik baru, biar bisa menang","persuading"
"gw bakal kasih info penting, tapi bantu gw dulu","persuading"
"kita harus bikin polisi percaya sama kita","persuading"
"yuk bikin plan biar kita bisa kalahin gangster","persuading"
"kita harus jaga satu sama lain, ayo buat aliansi","persuading"
"gw percaya sama lu, yuk kita gabung","persuading"
"gw dapet info penting, ayo kita manfaatin","persuading"
"fix banget dia gangster, yuk kita usir dari game","persuading"
"kita butuh lebih banyak orang, siapa mau gabung?","persuading"
"cuy, kita gabung yuk biar cepet jadi gangster","persuading"
"gw rasa dia gangster deh, yuk voting dia","persuading"
"lu punya secret card ga? bisa bantu kita nentuin target nih","persuading"
"anjir, fix dia dapet invitation card, yuk serang","persuading"
"ayo kita bareng-bareng nge-vote polisi, biar ga curiga","persuading"
"kita bagi hasil rampokan kalo lu bantu gw, gimana?","persuading"
"hey guys, mending kita aliansi dulu daripada abis","persuading"
"lu bisa bantu gw nyari siapa ketua gangster, yuk","persuading"
"polisi, kalo lu jaga gw, gw bakal traktir pake uang toto","persuading"
"kita harus bikin si dia jadi target, dia kebanyakan uang","persuading"
"daripada kita diserang, mendingan kita serang dia duluan","persuading"
"lu percaya sama gw, yuk kita voting si dia","persuading"
"kalo kita kerjasama, kita bisa dapet banyak loot","persuading"
"dia kayaknya bakal jadi target bagus buat dirampok, setuju ga?","persuading"
"yuk kita ajak si A, dia punya banyak kartu action","persuading"
"mendingan kita aliansi sama polisi, biar aman","persuading"
"gw yakin dia punya shield, tapi bisa kita jebak","persuading"
"ayo kita atur strategi biar ga ketahuan","persuading"
"kita bisa konfrontasi dia kalo udah banyak yang setuju","persuading"
"dia terlalu mencurigakan, yuk kita targetin","persuading"
"kalian percaya sama gw, ini untuk kebaikan kita semua","persuading"
"lu bantu gw, nanti gw bagi hasil rampokannya","persuading"
"mending kita jaga-jaga dan ngerusuh sebelum terlanjur","persuading"
"gw punya feeling dia gangster, let's vote","persuading"
"gimana kalo kita bikin rumor palsu biar dia diserang","persuading"
"kita harus buat aliansi biar lebih kuat","persuading"
"ayo semua, kita targetin yang kaya dulu","persuading"
"lu ajak teman-teman lu buat join aliansi kita","persuading"
"daripada saling serang, kenapa ga kita kerja sama?","persuading"
"aku yakin kamu bisa bantu kita jadi lebih kuat","persuading"
"mending kita bantu polisi biar aman, setuju?","persuading"
"ini kesempatan kita buat jadi lebih kuat, setuju ga?","persuading"
"gw rasa kita harus bikin si A jadi target","persuading"
"temen, kalo kita aliansi, pasti bakal menang","persuading"
"polisi, please bantuin kita, ntar kita bagi hasil","persuading"
"ayo kita bikin dia bingung dengan fake news","persuading"
"mending kita main aman dulu ajak yang lain buat bantu","persuading"
"kita bisa dominasi game kalo kita kerja sama","persuading"
"target kita jelas, yuk bisa yuk, persatuan dulu","persuading"
"lu punya strategi bagus, yuk kita kerjasama","persuading"
"gw tau cara buat menang, lu mau ikut?","persuading"
"kita bisa jadi tim yang kuat, kamu setuju?","persuading"
"ayo gabung sama kita, lebih aman dan kuat","persuading"
"kita bisa manfaatin kartu secret buat cari gangster","persuading"
"mari kita buat aliansi biar ga kalah cepat","persuading"
"biar kita menang, kita harus targetin orang kaya","persuading"
"lu bisa dapet keuntungan kalo bantu kita","persuading"
"daripada bingung, yuk gabung sama kita","persuading"
"setuju ga kalo kita bikin si B jadi target?","persuading"
"aku pegang secret card nih bisa intip role kamu","claiming"
"gw ada shield bro, jangan coba rampok","claiming"
"dapet invitation card nih, jadi waspadalah","claiming"
"tenang, gw masih netral cuy cuma petani biasa","claiming"
"bos, kartu fake news udah siap buat chaos","claiming"
"gw ngaku deh, gw polisi nya","claiming"
"anjir, gw baru dapet kartu toto nih","claiming"
"fix gw gangster bro, siap-siap aja","claiming"
"lu semua tau gak? gw sebetulnya ketua gangster","claiming"
"secret card di tangan gw, awas lu","claiming"
"bos, gw ada shield nih kalo mau tukeran","claiming"
"dapet kartu fake news nih,siapa mau bantu sebarin?","claiming"
"gw pegang invitation card, fix gw gangster","claiming"
"gw petani yang tak berdosa, sumpah","claiming"
"guys, gw polisi yang bisa dipercaya nih","claiming"
"gw baru dapet kartu shield, aman bro","claiming"
"aku dapat secret card, kita bisa atur strategi","claiming"
"gw ada fake news, siap bikin gaduh","claiming"
"gw netral doang kok, role gw cuma pegawai","claiming"
"cuys, gw ketua gangster, yuk kita rugiin orang kaya","claiming"
"ini baru dapet invitation card, siap-siap berubah","claiming"
"gw baru aja dapet kartu toto, siap buat belanja","claiming"
"gw pegang kartu shield, gak perlu takut kena rampok","claiming"
"secret card ini buat kita menang, aku yang pegang","claiming"
"gw ngaku deh, role gw cuma penjual","claiming"
"gw gangster asli, sini kerja sama","claiming"
"dapet shield nih, jadi gak takut dirampok","claiming"
"gw ada kartu fake news buat ngeributin mereka","claiming"
"baru aja dapet invitation card, jadi gangster bro","claiming"
"polisi cuy, gw ada kartu shield, jagain gw ya","claiming"
"gw petani yang damai, gak ada niat jahat","claiming"
"kartu toto gw udah siap,siapa mau duit?","claiming"
"guys, gw pegang secret card, siap-siap aja","claiming"
"tenang, gw gak ada niat jahat kok, cuma pegawai","claiming"
"gw polisi, ayo buru gangster nya","claiming"
"shield gw aktif nih, gak ada yang bisa nyentuh","claiming"
"dapet fake news nih, siap mengacau","claiming"
"fix gw ketua gangster, semua ikut arahan","claiming"
"role gw cuma penjual, gak lebih","claiming"
"gw ada secret card, penting banget nih","claiming"
"anjay, ada shield jadi aman","claiming"
"bos, gw gangster siap beraksi","claiming"
"dapet invitation card nih, siap berubah role","claiming"
"gw ada kartu fake news, siap bikin gosip","claiming"
"gw netral bro, gak usah curiga","claiming"
"tenang, gw cuma petani yang kerja keras","claiming"
"gw polisi asli, siap jagain","claiming"
"kartu shield gw bawa, aman bro","claiming"
"gw ada secret card, jaga-jaga aja lu","claiming"
"gw dapet shield nih jadi aman dari rampokan","claiming"
"eh cuy gw dapet invitation card, mungkin gw gangster sekarang","claiming"
"lu jangan macem-macem gw ada shield","claiming"
"tenang aja, gw punya secret card buat liat role lu","claiming"
"anjir gw dapet toto, siap-siap jadi sultan","claiming"
"fix gw pegang fake news sekarang, hati-hati ya","claiming"
"role gw netral kok, cuma petani biasa","claiming"
"serius deh gw tadi dapet invitation, mungkin jadi gangster","claiming"
"aku punya shield, jangan coba-coba rampok","claiming"
"gw barusan dapet secret card, bisa intip role lu nih","claiming"
"polisi, gw butuh jasa lu deh, gw ada duit toto","claiming"
"percayalah, gw cuma petani biasa","claiming"
"jangan khawatir, ada shield yang ngelindungin gw","claiming"
"gw dapat fake news, siap-siap aja pada kebingungan","claiming"
"santai aja, gw dapet invitation card, apa gw gangster sekarang?","claiming"
"gw beneran bukan gangster, jangan nuduh deh","claiming"
"aku pegang secret card nih, bisa tau role orang","claiming"
"lu yakin mau ngerampok? gw punya shield","claiming"
"gw petani, duit cuma dari toto doang","claiming"
"gw dapet fake news, bakal seru nih","claiming"
"gw lagi netral, pegawai doang","claiming"
"gw punya invitation card lho, gimana nih?","claiming"
"gw ada shield, percuma lu coba rampok","claiming"
"gw punya secret card, siap-siap aja ya","claiming"
"gw dapet toto, siap jadi orang kaya di desa","claiming"
"beneran gw cuma penjual, ga ada niatan jahat","claiming"
"gw punya fake news, siap bikin heboh","claiming"
"polisi jagain gw ya, gw bayar abis dapet toto","claiming"
"gw netral kok, bukan gangster","claiming"
"jangan coba-coba, gw ada shield","claiming"
"gw baru aja dapet invitation, kemungkinan jadi gangster","claiming"
"gw cuma petani, sumpah","claiming"
"secret card di tangan gw, awas aja ya","claiming"
"gw pegang fake news sekarang, bakal rame deh","claiming"
"gw bukan gangster, percaya deh","claiming"
"gw dapet shield, aman dari rampokan","claiming"
"aku netral, cuma pegawai","claiming"
"gw dapet invitation card, gimana kalo jadi gangster beneran?","claiming"
"gw udah ada shield, coba aja rampok","claiming"
"gw barusan dapet toto, duit banyak nih","claiming"
"gw beneran bukan gangster, tenang aja","claiming"
"secret card gw pegang, awas ketauan isi kantong","claiming"
"gw pegang fake news, siap bikin gosip","claiming"
"gw cuma penjual, beneran","claiming"
"gw dapet shield, jadi berani deh","claiming"
"gw baru aja pegang invitation card, claim gangster boleh ga?","claiming"
"aku netral, ga ada niat merugikan","claiming"
"gw ada shield, jadi jangan harap bisa ngerampok","claiming"
