pengirim,teks_chat,label_intent,chat_sebelumnya,daftar_pemain,target
Player1,"bukan aku yang nyandera, gw bukan hitman",defend,[],"[""Player1""]","[{""pemain"":""Player1"",""relasi"":""defend""}]"
Arif,"klaim aku memang belum bisa dibuktikan sekarang, tapi bukan berarti aku bohong",defend,"[{""pengirim"":""Wulan"",""teks_chat"":""ada yang mau klaim role sekarang?"",""label_intent"":""neutral"",""target"":[]},{""pengirim"":""Citra"",""teks_chat"":""aku Civilian biasa, tidak punya informasi khusus"",""label_intent"":""neutral"",""target"":[]},{""pengirim"":""Bimo"",""teks_chat"":""aku juga tidak ada klaim khusus"",""label_intent"":""neutral"",""target"":[]},{""pengirim"":""Wulan"",""teks_chat"":""baik, kita lihat siapa yang paling mencurigakan"",""label_intent"":""neutral"",""target"":[]},{""pengirim"":""Citra"",""teks_chat"":""belum ada yang terlalu menonjol menurutku"",""label_intent"":""neutral"",""target"":[]},{""pengirim"":""Bimo"",""teks_chat"":""iya, diskusi masih awal"",""label_intent"":""neutral"",""target"":[]},{""pengirim"":""Wulan"",""teks_chat"":""kita tunggu saja perkembangan"",""label_intent"":""neutral"",""target"":[]},{""pengirim"":""Citra"",""teks_chat"":""ada yang perlu dibahas lebih lanjut?"",""label_intent"":""neutral"",""target"":[]},{""pengirim"":""Bimo"",""teks_chat"":""belum ada dari aku"",""label_intent"":""neutral"",""target"":[]},{""pengirim"":""Wulan"",""teks_chat"":""aku juga belum punya info baru"",""label_intent"":""neutral"",""target"":[]},{""pengirim"":""Citra"",""teks_chat"":""kita tunggu yang lain bicara"",""label_intent"":""neutral"",""target"":[]},{""pengirim"":""Bimo"",""teks_chat"":""Arif klaim Spy tapi belum ada bukti yang mendukung klaimnya"",""label_intent"":""offend"",""target"":[{""pemain"":""Arif"",""relasi"":""offend""}]}]","[""Wulan"",""Arif"",""Citra"",""Bimo""]","[{""pemain"":""Arif"",""relasi"":""defend""}]"
Rena,orang yang terus ganti tuduhan seperti ini harus di-vote sekarang,offend,"[{""pengirim"":""Surya"",""teks_chat"":""iya, dia memang tidak konsisten dari tadi"",""label_intent"":""offend"",""target"":[{""pemain"":""Galih"",""relasi"":""offend""}]},{""pengirim"":""Mita"",""teks_chat"":""aku juga heran kenapa tiba-tiba aku yang dituduh"",""label_intent"":""defend"",""target"":[{""pemain"":""Mita"",""relasi"":""defend""}]},{""pengirim"":""Rena"",""teks_chat"":""orang yang tuduhannya berubah-ubah biasanya yang paling perlu dicurigai"",""label_intent"":""offend"",""target"":[{""pemain"":""Galih"",""relasi"":""offend""}]},{""pengirim"":""Surya"",""teks_chat"":""setuju, aku curiga dia sengaja mengalihkan perhatian"",""label_intent"":""offend"",""target"":[{""pemain"":""Galih"",""relasi"":""offend""}]},{""pengirim"":""Mita"",""teks_chat"":""kita perlu tanya langsung ke dia alasannya"",""label_intent"":""neutral"",""target"":[]},{""pengirim"":""Galih"",""teks_chat"":""aku punya alasan untuk keduanya, bukan asal tuduh"",""label_intent"":""defend"",""target"":[{""pemain"":""Galih"",""relasi"":""defend""}]},{""pengirim"":""Rena"",""teks_chat"":""alasan apa? tadi tidak ada penjelasan sama sekali"",""label_intent"":""offend"",""target"":[{""pemain"":""Galih"",""relasi"":""offend""}]},{""pengirim"":""Surya"",""teks_chat"":""benar, dia hanya ganti tuduhan tanpa dasar"",""label_intent"":""offend"",""target"":[{""pemain"":""Galih"",""relasi"":""offend""}]},{""pengirim"":""Mita"",""teks_chat"":""aku masih menunggu penjelasannya"",""label_intent"":""neutral"",""target"":[]},{""pengirim"":""Rena"",""teks_chat"":""sudah terlalu banyak alasan yang berubah dari dia"",""label_intent"":""offend"",""target"":[{""pemain"":""Galih"",""relasi"":""offend""}]},{""pengirim"":""Surya"",""teks_chat"":""aku tetap curiga, pola ini tidak wajar"",""label_intent"":""offend"",""target"":[{""pemain"":""Galih"",""relasi"":""offend""}]},{""pengirim"":""Mita"",""teks_chat"":""aku juga mulai ragu dengan penjelasannya"",""label_intent"":""offend"",""target"":[{""pemain"":""Galih"",""relasi"":""offend""}]}]","[""Galih"",""Rena"",""Surya"",""Mita""]","[{""pemain"":""Galih"",""relasi"":""offend""}]"
Anto,"alibi yang bergantung pada orang lain tanpa konfirmasi tetap mencurigakan, aku vote Riko",offend,"[{""pengirim"":""Sela"",""teks_chat"":""Riko kemana semalam? tidak ada yang lihat dia"",""label_intent"":""offend"",""target"":[{""pemain"":""Riko"",""relasi"":""offend""}]},{""pengirim"":""Anto"",""teks_chat"":""iya, alibinya tidak jelas"",""label_intent"":""offend"",""target"":[{""pemain"":""Riko"",""relasi"":""offend""}]},{""pengirim"":""Vera"",""teks_chat"":""eh sebentar, ronde ini sudah hampir habis ya?"",""label_intent"":""neutral"",""target"":[]},{""pengirim"":""Anto"",""teks_chat"":""masih ada waktu, lanjut dulu"",""label_intent"":""neutral"",""target"":[]},{""pengirim"":""Sela"",""teks_chat"":""kembali ke tadi, Riko tidak bisa jelaskan aktivitasnya"",""label_intent"":""offend"",""target"":[{""pemain"":""Riko"",""relasi"":""offend""}]},{""pengirim"":""Vera"",""teks_chat"":""benar, alibi yang tidak jelas itu mencurigakan"",""label_intent"":""offend"",""target"":[{""pemain"":""Riko"",""relasi"":""offend""}]},{""pengirim"":""Riko"",""teks_chat"":""aku ada di area tengah semalam, bisa tanya ke Vera"",""label_intent"":""defend"",""target"":[{""pemain"":""Riko"",""relasi"":""defend""}]},{""pengirim"":""Sela"",""teks_chat"":""Vera juga tidak konfirmasi itu tadi"",""label_intent"":""offend"",""target"":[{""pemain"":""Riko"",""relasi"":""offend""}]}]","[""Riko"",""Sela"",""Anto"",""Vera""]","[{""pemain"":""Riko"",""relasi"":""offend""}]"
Tara,"aku tidak bisa ungkap sekarang, tapi vote aku bukan asal pindah",defend,"[{""pengirim"":""Nisa"",""teks_chat"":""Bayu kemarin vote ke Egi tanpa alasan jelas"",""label_intent"":""offend"",""target"":[{""pemain"":""Bayu"",""relasi"":""offend""}]},{""pengirim"":""Bayu"",""teks_chat"":""aku punya alasan, hanya tidak sempat jelaskan"",""label_intent"":""defend"",""target"":[{""pemain"":""Bayu"",""relasi"":""defend""}]},{""pengirim"":""Egi"",""teks_chat"":""oke lupakan itu dulu, sekarang kita bahas Tara yang pindah vote di detik terakhir"",""label_intent"":""offend"",""target"":[{""pemain"":""Tara"",""relasi"":""offend""}]},{""pengirim"":""Nisa"",""teks_chat"":""iya, perpindahan vote Tara itu memang aneh"",""label_intent"":""offend"",""target"":[{""pemain"":""Tara"",""relasi"":""offend""}]},{""pengirim"":""Bayu"",""teks_chat"":""aku juga heran dengan itu"",""label_intent"":""offend"",""target"":[{""pemain"":""Tara"",""relasi"":""offend""}]},{""pengirim"":""Tara"",""teks_chat"":""aku pindah vote karena dapat informasi baru, bukan karena mencurigakan"",""label_intent"":""defend"",""target"":[{""pemain"":""Tara"",""relasi"":""defend""}]},{""pengirim"":""Egi"",""teks_chat"":""informasi apa? kamu tidak bilang apa-apa sebelumnya"",""label_intent"":""offend"",""target"":[{""pemain"":""Tara"",""relasi"":""offend""}]}]","[""Nisa"",""Bayu"",""Tara"",""Egi""]","[{""pemain"":""Tara"",""relasi"":""defend""}]"
Dara,"aku tidak berbohong, informasi itu baru aku dapat tadi dan langsung aku sampaikan",defend,"[{""pengirim"":""Heru"",""teks_chat"":""Dara tadi bilang tidak tahu apa-apa, tapi sekarang tiba-tiba punya informasi"",""label_intent"":""offend"",""target"":[{""pemain"":""Dara"",""relasi"":""offend""}]},{""pengirim"":""Sinta"",""teks_chat"":""iya, ucapannya bertentangan"",""label_intent"":""offend"",""target"":[{""pemain"":""Dara"",""relasi"":""offend""}]},{""pengirim"":""Bagas"",""teks_chat"":""mungkin dia baru ingat sesuatu?"",""label_intent"":""defend"",""target"":[{""pemain"":""Dara"",""relasi"":""defend""}]},{""pengirim"":""Heru"",""teks_chat"":""baru ingat atau sengaja sembunyikan dari tadi?"",""label_intent"":""offend"",""target"":[{""pemain"":""Dara"",""relasi"":""offend""}]},{""pengirim"":""Sinta"",""teks_chat"":""aku juga curiga, pola seperti ini tidak wajar"",""label_intent"":""offend"",""target"":[{""pemain"":""Dara"",""relasi"":""offend""}]},{""pengirim"":""Bagas"",""teks_chat"":""kita dengarkan penjelasannya dulu"",""label_intent"":""neutral"",""target"":[]},{""pengirim"":""Heru"",""teks_chat"":""baik, tapi aku tetap curiga"",""label_intent"":""offend"",""target"":[{""pemain"":""Dara"",""relasi"":""offend""}]},{""pengirim"":""Sinta"",""teks_chat"":""aku juga masih ragu"",""label_intent"":""offend"",""target"":[{""pemain"":""Dara"",""relasi"":""offend""}]},{""pengirim"":""Bagas"",""teks_chat"":""beri dia kesempatan bicara dulu"",""label_intent"":""neutral"",""target"":[]}]","[""Dara"",""Heru"",""Sinta"",""Bagas""]","[{""pemain"":""Dara"",""relasi"":""defend""}]"
Mega,"aku tidak setuju, diam bukan berarti mencurigakan, mereka berdua mungkin sedang mengamati",defend,"[{""pengirim"":""Rafi"",""teks_chat"":""Dian dan Yuda diam terus dari tadi, tidak ada kontribusi sama sekali"",""label_intent"":""offend"",""target"":[{""pemain"":""Dian"",""relasi"":""offend""},{""pemain"":""Yuda"",""relasi"":""offend""}]}]","[""Rafi"",""Dian"",""Yuda"",""Mega""]","[{""pemain"":""Dian"",""relasi"":""defend""},{""pemain"":""Yuda"",""relasi"":""defend""}]"
Toni,"Gilang tidak mencurigakan, justru Wati yang terlalu cepat bela dia tanpa alasan",offend,"[{""pengirim"":""Resa"",""teks_chat"":""Gilang langsung bela diri sebelum ada yang nuduh, itu mencurigakan"",""label_intent"":""offend"",""target"":[{""pemain"":""Gilang"",""relasi"":""offend""}]}]","[""Toni"",""Resa"",""Gilang"",""Wati""]","[{""pemain"":""Gilang"",""relasi"":""defend""},{""pemain"":""Wati"",""relasi"":""offend""}]"
Lia,"Ciko memang bilang begitu, tapi aku tidak setuju dengan ucapannya itu",neutral,"[{""pengirim"":""Beni"",""teks_chat"":""Ciko bilang tadi 'aku yakin Lia yang Hitman'"",""label_intent"":""offend"",""target"":[{""pemain"":""Lia"",""relasi"":""offend""}]}]","[""Lia"",""Beni"",""Ciko""]",[]
Hasan,"aku tidak bilang Dodi bersalah sekarang, aku sudah ralat tuduhan itu",defend,"[{""pengirim"":""Rini"",""teks_chat"":""Hasan tadi nuduh Dodi, sekarang malah bilang Dodi tidak bersalah"",""label_intent"":""neutral"",""target"":[]},{""pengirim"":""Dodi"",""teks_chat"":""iya, tuduhannya berubah-ubah terus"",""label_intent"":""offend"",""target"":[{""pemain"":""Hasan"",""relasi"":""offend""}]},{""pengirim"":""Fira"",""teks_chat"":""Hasan memang tidak konsisten dari tadi"",""label_intent"":""offend"",""target"":[{""pemain"":""Hasan"",""relasi"":""offend""}]},{""pengirim"":""Hasan"",""teks_chat"":""aku berubah pikiran karena dapat informasi baru, bukan karena tidak konsisten"",""label_intent"":""defend"",""target"":[{""pemain"":""Hasan"",""relasi"":""defend""}]},{""pengirim"":""Rini"",""teks_chat"":""informasi apa? kamu tidak jelaskan apa-apa"",""label_intent"":""offend"",""target"":[{""pemain"":""Hasan"",""relasi"":""offend""}]},{""pengirim"":""Dodi"",""teks_chat"":""aku juga tidak terima dituduh tanpa dasar tadi"",""label_intent"":""defend"",""target"":[{""pemain"":""Dodi"",""relasi"":""defend""}]}]","[""Hasan"",""Rini"",""Dodi"",""Fira""]","[{""pemain"":""Hasan"",""relasi"":""defend""},{""pemain"":""Dodi"",""relasi"":""defend""}]"
Seno,"Tika dan Ulum dari tadi tidak bicara sama sekali, itu mencurigakan",neutral,[],"[""Seno"",""Tika"",""Ulum"",""Prita""]",[]
Yanto,"dia kena Gag Order jadi tidak bisa bicara, itu bukan salahnya",defend,[],"[""Yanto""]","[{""pemain"":""tidak_diketahui"",""relasi"":""defend""}]"
Reza,"chat aku tadi terlambat masuk, jadi kelihatan seperti aku tidak respon",offend,[],"[""Reza""]","[{""pemain"":""Reza"",""relasi"":""offend""}]"
Sari,aku belum dengar ada yang klaim Spy secara resmi,neutral,"[{""pengirim"":""Iman"",""teks_chat"":""ada yang klaim Spy di sini?"",""label_intent"":""neutral"",""target"":[]}]","[""Iman"",""Sari""]",[]
Rudi,"baik, kita catat alibi masing-masing dulu sebelum diskusi lebih jauh",neutral,"[{""pengirim"":""Bowo"",""teks_chat"":""semalam aku di area selatan, tidak kemana-mana"",""label_intent"":""neutral"",""target"":[]},{""pengirim"":""Lani"",""teks_chat"":""aku juga tidak ada pergerakan mencurigakan dari tempatku"",""label_intent"":""neutral"",""target"":[]}]","[""Bowo"",""Lani"",""Rudi""]",[]
Yuli,"kalau memang ada Spy di sini, harusnya sudah klaim dari tadi",neutral,"[{""pengirim"":""Eko"",""teks_chat"":""ada yang klaim Spy? aku belum dengar ada yang angkat tangan"",""label_intent"":""neutral"",""target"":[]},{""pengirim"":""Mira"",""teks_chat"":""aku bukan Spy, hanya Civilian biasa"",""label_intent"":""neutral"",""target"":[]},{""pengirim"":""Tono"",""teks_chat"":""aku juga tidak ada klaim khusus"",""label_intent"":""neutral"",""target"":[]}]","[""Eko"",""Mira"",""Tono"",""Yuli""]",[]
Hilda,"Roni, Sandi, dan Tuti semua pernah ganti tuduhan, kita bahas satu per satu",neutral,"[{""pengirim"":""Hilda"",""teks_chat"":""siapa yang berubah tuduhan dari ronde sebelumnya?"",""label_intent"":""neutral"",""target"":[]},{""pengirim"":""Roni"",""teks_chat"":""Sandi sempat nuduh Tuti, lalu ganti ke aku"",""label_intent"":""neutral"",""target"":[]},{""pengirim"":""Sandi"",""teks_chat"":""aku punya alasan untuk keduanya"",""label_intent"":""neutral"",""target"":[]},{""pengirim"":""Tuti"",""teks_chat"":""aku tidak masalah, asal ada dasar yang jelas"",""label_intent"":""neutral"",""target"":[]},{""pengirim"":""Hilda"",""teks_chat"":""kita catat semua perubahan tuduhan untuk referensi"",""label_intent"":""neutral"",""target"":[]},{""pengirim"":""Roni"",""teks_chat"":""baik, aku juga ingat Hilda sempat ragu-ragu di ronde dua"",""label_intent"":""neutral"",""target"":[]},{""pengirim"":""Sandi"",""teks_chat"":""iya, banyak yang berubah pikiran di tengah jalan"",""label_intent"":""neutral"",""target"":[]},{""pengirim"":""Tuti"",""teks_chat"":""itu wajar kalau dapat informasi baru"",""label_intent"":""neutral"",""target"":[]},{""pengirim"":""Hilda"",""teks_chat"":""yang penting ada alasan yang bisa dijelaskan"",""label_intent"":""neutral"",""target"":[]},{""pengirim"":""Roni"",""teks_chat"":""setuju, perubahan tanpa alasan yang mencurigakan"",""label_intent"":""neutral"",""target"":[]},{""pengirim"":""Sandi"",""teks_chat"":""kita rekap semua perubahan vote dari awal saja"",""label_intent"":""neutral"",""target"":[]},{""pengirim"":""Tuti"",""teks_chat"":""oke, aku catat dari ronde pertama"",""label_intent"":""neutral"",""target"":[]}]","[""Hilda"",""Roni"",""Sandi"",""Tuti""]",[]
Ayu,efek Gag Order memang membuat diskusi jadi tidak lancar ronde ini,neutral,"[{""pengirim"":""Wendi"",""teks_chat"":""Ayu mencurigakan, aku curiga dia Hitman"",""label_intent"":""offend"",""target"":[{""pemain"":""Ayu"",""relasi"":""offend""}]}]","[""Wendi"",""Ayu""]",[]
Joni,"aku Guard, tidak ada klaim khusus selain itu",neutral,"[{""pengirim"":""Dimas"",""teks_chat"":""chat aku tadi terlambat masuk karena koneksi"",""label_intent"":""neutral"",""target"":[]},{""pengirim"":""Rara"",""teks_chat"":""aku juga sempat tidak bisa kirim pesan tadi"",""label_intent"":""neutral"",""target"":[]}]","[""Dimas"",""Rara"",""Joni""]",[]
Hadi,"aku tidak perlu dibela, vote aku memang punya dasar yang jelas",defend,"[{""pengirim"":""Feri"",""teks_chat"":""Hadi vote ke kiri terus tanpa alasan jelas"",""label_intent"":""offend"",""target"":[{""pemain"":""Hadi"",""relasi"":""offend""}]},{""pengirim"":""Gina"",""teks_chat"":""aku tidak setuju, Hadi punya pola yang bisa dijelaskan"",""label_intent"":""defend"",""target"":[{""pemain"":""Hadi"",""relasi"":""defend""}]},{""pengirim"":""Ika"",""teks_chat"":""aku setuju dengan Gina, pola vote Hadi tidak mencurigakan"",""label_intent"":""defend"",""target"":[{""pemain"":""Hadi"",""relasi"":""defend""}]},{""pengirim"":""Feri"",""teks_chat"":""kalian terlalu cepat membela tanpa bukti"",""label_intent"":""offend"",""target"":[{""pemain"":""Hadi"",""relasi"":""offend""}]},{""pengirim"":""Gina"",""teks_chat"":""buktinya ada, kamu yang tidak mau lihat"",""label_intent"":""defend"",""target"":[{""pemain"":""Hadi"",""relasi"":""defend""}]}]","[""Feri"",""Gina"",""Hadi"",""Ika""]","[{""pemain"":""Hadi"",""relasi"":""defend""}]"
Mela,kita vote mereka berdua saja sekarang,offend,"[{""pengirim"":""Soni"",""teks_chat"":""Reni dan Aldo langsung bela diri sebelum ada yang nuduh mereka"",""label_intent"":""offend"",""target"":[{""pemain"":""Reni"",""relasi"":""offend""},{""pemain"":""Aldo"",""relasi"":""offend""}]},{""pengirim"":""Mela"",""teks_chat"":""iya, itu memang mencurigakan"",""label_intent"":""offend"",""target"":[{""pemain"":""Reni"",""relasi"":""offend""},{""pemain"":""Aldo"",""relasi"":""offend""}]},{""pengirim"":""Soni"",""teks_chat"":""keduanya jg tidak kasih alasan yang masuk akal"",""label_intent"":""offend"",""target"":[{""pemain"":""Reni"",""relasi"":""offend""},{""pemain"":""Aldo"",""relasi"":""offend""}]}]","[""Soni"",""Reni"",""Aldo"",""Mela""]","[{""pemain"":""Reni"",""relasi"":""offend""},{""pemain"":""Aldo"",""relasi"":""offend""}]"
Budi,masa sih Niko benar-benar Stalker? hasil Peek itu tidak masuk akal sama sekali,defend,"[{""pengirim"":""Rani"",""teks_chat"":""Niko klaim Stalker tapi hasilnya tidak masuk akal"",""label_intent"":""offend"",""target"":[{""pemain"":""Niko"",""relasi"":""offend""}]},{""pengirim"":""Budi"",""teks_chat"":""iya, Peek ke arah itu tidak mungkin dilakukan Stalker"",""label_intent"":""offend"",""target"":[{""pemain"":""Niko"",""relasi"":""offend""}]},{""pengirim"":""Sinta"",""teks_chat"":""aku ragu juga, klaimnya terlalu dipaksakan"",""label_intent"":""offend"",""target"":[{""pemain"":""Niko"",""relasi"":""offend""}]},{""pengirim"":""Niko"",""teks_chat"":""klaim aku valid, kalian yang salah baca situasinya"",""label_intent"":""defend"",""target"":[{""pemain"":""Niko"",""relasi"":""defend""}]},{""pengirim"":""Rani"",""teks_chat"":""valid bagaimana? detail yang kamu kasih tidak konsisten"",""label_intent"":""offend"",""target"":[{""pemain"":""Niko"",""relasi"":""offend""}]},{""pengirim"":""Budi"",""teks_chat"":""aku tetap curiga, penjelasannya tidak memuaskan"",""label_intent"":""offend"",""target"":[{""pemain"":""Niko"",""relasi"":""offend""}]},{""pengirim"":""Sinta"",""teks_chat"":""kita tanya lebih detail dulu sebelum vote"",""label_intent"":""neutral"",""target"":[]},{""pengirim"":""Rani"",""teks_chat"":""baik, tapi aku masih ragu"",""label_intent"":""offend"",""target"":[{""pemain"":""Niko"",""relasi"":""offend""}]}]","[""Niko"",""Rani"",""Budi"",""Sinta""]","[{""pemain"":""Niko"",""relasi"":""defend""}]"
Tegar,"Andi memang belum kasih penjelasan yang memuaskan, tapi aku belum mau vote dia sekarang",neutral,"[{""pengirim"":""Rosi"",""teks_chat"":""siapa yang berubah tuduhan dari ronde sebelumnya?"",""label_intent"":""neutral"",""target"":[]},{""pengirim"":""Tegar"",""teks_chat"":""Andika sempat nuduh Wulan, lalu ganti ke Rosi"",""label_intent"":""neutral"",""target"":[]},{""pengirim"":""Wulan"",""teks_chat"":""iya, aku ingat itu"",""label_intent"":""neutral"",""target"":[]},{""pengirim"":""Rosi"",""teks_chat"":""perubahan itu mencurigakan"",""label_intent"":""offend"",""target"":[{""pemain"":""Andika"",""relasi"":""offend""}]},{""pengirim"":""Tegar"",""teks_chat"":""mungkin dia dapat informasi baru"",""label_intent"":""defend"",""target"":[{""pemain"":""Andika"",""relasi"":""defend""}]},{""pengirim"":""Wulan"",""teks_chat"":""kita tanya langsung saja ke dia"",""label_intent"":""neutral"",""target"":[]},{""pengirim"":""Andika"",""teks_chat"":""aku punya alasan untuk perubahan itu"",""label_intent"":""defend"",""target"":[{""pemain"":""Andika"",""relasi"":""defend""}]},{""pengirim"":""Rosi"",""teks_chat"":""alasan apa? tidak ada yang tahu"",""label_intent"":""offend"",""target"":[{""pemain"":""Andika"",""relasi"":""offend""}]},{""pengirim"":""Tegar"",""teks_chat"":""beri dia kesempatan jelaskan"",""label_intent"":""defend"",""target"":[{""pemain"":""Andika"",""relasi"":""defend""}]},{""pengirim"":""Wulan"",""teks_chat"":""aku tunggu penjelasannya"",""label_intent"":""neutral"",""target"":[]},{""pengirim"":""Rosi"",""teks_chat"":""sudah terlalu lama menunggu penjelasan dari dia"",""label_intent"":""offend"",""target"":[{""pemain"":""Andika"",""relasi"":""offend""}]}]","[""Andika"",""Rosi"",""Tegar"",""Wulan""]",[]
Iko,"aku tidak tahu siapa yang dimaksud Fani, tapi aku tidak melakukan pembelaan terlalu cepat",defend,"[{""pengirim"":""Fani"",""teks_chat"":""ada yang terlalu cepat bela diri tadi"",""label_intent"":""offend"",""target"":[{""pemain"":""tidak_diketahui"",""relasi"":""offend""}]},{""pengirim"":""Geri"",""teks_chat"":""siapa yg kamu maksud?"",""label_intent"":""neutral"",""target"":[]},{""pengirim"":""Fani"",""teks_chat"":""yang langsung angkat bicara sebelum ada tuduhan"",""label_intent"":""offend"",""target"":[{""pemain"":""tidak_diketahui"",""relasi"":""offend""}]},{""pengirim"":""Hana"",""teks_chat"":""aku tidak merasa melakukan itu"",""label_intent"":""defend"",""target"":[{""pemain"":""Hana"",""relasi"":""defend""}]},{""pengirim"":""Iko"",""teks_chat"":""aku juga tidak"",""label_intent"":""defend"",""target"":[{""pemain"":""Iko"",""relasi"":""defend""}]},{""pengirim"":""Geri"",""teks_chat"":""mungkin Fani salah ingat"",""label_intent"":""defend"",""target"":[{""pemain"":""tidak_diketahui"",""relasi"":""defend""}]},{""pengirim"":""Fani"",""teks_chat"":""aku tidak salah ingat, aku perhatikan dari tadi"",""label_intent"":""offend"",""target"":[{""pemain"":""tidak_diketahui"",""relasi"":""offend""}]},{""pengirim"":""Hana"",""teks_chat"":""kalau memang ada, sebutkan siapa orangnya"",""label_intent"":""neutral"",""target"":[]},{""pengirim"":""Iko"",""teks_chat"":""iya, jangan hanya klaim tanpa nama"",""label_intent"":""neutral"",""target"":[]},{""pengirim"":""Geri"",""teks_chat"":""aku juga ingin tahu siapa yang dimaksud"",""label_intent"":""neutral"",""target"":[]},{""pengirim"":""Fani"",""teks_chat"":""aku masih mengamati, belum mau sebut nama sekarang"",""label_intent"":""neutral"",""target"":[]},{""pengirim"":""Hana"",""teks_chat"":""kalau tidak mau sebut, kita tidak bisa diskusi lebih lanjut"",""label_intent"":""neutral"",""target"":[]}]","[""Fani"",""Geri"",""Hana"",""Iko""]","[{""pemain"":""tidak_diketahui"",""relasi"":""defend""}]"
Ola,"Mona bukan Hitman, aku yakin itu",defend,"[{""pengirim"":""Luki"",""teks_chat"":""chat Mona tadi terpotong, aku tidak baca semuanya"",""label_intent"":""neutral"",""target"":[]},{""pengirim"":""Mona"",""teks_chat"":""aku kirim ulang tapi tidak masuk"",""label_intent"":""neutral"",""target"":[]},{""pengirim"":""Nino"",""teks_chat"":""aku juga tidak baca pesan Mona yang tadi"",""label_intent"":""neutral"",""target"":[]}]","[""Luki"",""Mona"",""Nino"",""Ola""]","[{""pemain"":""Mona"",""relasi"":""defend""}]"
Bima,"Rara dari tadi tidak bicara sama sekali, itu tidak wajar",defend,[],"[""Bima"",""Rara"",""Seto""]","[{""pemain"":""Rara"",""relasi"":""defend""}]"
Wawan,"aku bukan Hitman, identitas korban juga bukan urusanku",defend,[],"[""Wawan""]","[{""pemain"":""Wawan"",""relasi"":""defend""}]"
Nana,"kalau valid, kenapa hasilnya tidak konsisten dengan situasi malam itu?",defend,"[{""pengirim"":""Nana"",""teks_chat"":""Oki klaim Stalker tapi hasilnya tidak konsisten"",""label_intent"":""offend"",""target"":[{""pemain"":""Oki"",""relasi"":""offend""}]},{""pengirim"":""Pita"",""teks_chat"":""iya, Peek yang dia klaim tidak masuk akal"",""label_intent"":""offend"",""target"":[{""pemain"":""Oki"",""relasi"":""offend""}]},{""pengirim"":""Qori"",""teks_chat"":""sebentar, timer hampir habis ya?"",""label_intent"":""neutral"",""target"":[]},{""pengirim"":""Nana"",""teks_chat"":""masih ada waktu, lanjut bahas Oki dulu"",""label_intent"":""neutral"",""target"":[]},{""pengirim"":""Pita"",""teks_chat"":""kembali ke tadi, klaim Stalker Oki perlu dipertanyakan"",""label_intent"":""offend"",""target"":[{""pemain"":""Oki"",""relasi"":""offend""}]},{""pengirim"":""Qori"",""teks_chat"":""aku setuju, hasilnya tidak masuk akal"",""label_intent"":""offend"",""target"":[{""pemain"":""Oki"",""relasi"":""offend""}]},{""pengirim"":""Oki"",""teks_chat"":""klaim aku valid, Peek itu memang yang aku lihat"",""label_intent"":""defend"",""target"":[{""pemain"":""Oki"",""relasi"":""defend""}]}]","[""Nana"",""Oki"",""Pita"",""Qori""]","[{""pemain"":""Oki"",""relasi"":""defend""}]"
Ciko,"aku tidak setuju dia di-vote, pola vote bisa berubah karena informasi baru",defend,"[{""pengirim"":""Ciko"",""teks_chat"":""iya, pola votenya tidak jelas"",""label_intent"":""offend"",""target"":[{""pemain"":""Andi"",""relasi"":""offend""}]},{""pengirim"":""Doni"",""teks_chat"":""kita tanya alasannya dulu"",""label_intent"":""neutral"",""target"":[]},{""pengirim"":""Bela"",""teks_chat"":""sudah ditanya tapi tidak ada jawaban yang memuaskan"",""label_intent"":""offend"",""target"":[{""pemain"":""Andi"",""relasi"":""offend""}]},{""pengirim"":""Ciko"",""teks_chat"":""aku tetap curiga dengan pola votenya"",""label_intent"":""offend"",""target"":[{""pemain"":""Andi"",""relasi"":""offend""}]},{""pengirim"":""Doni"",""teks_chat"":""beri dia kesempatan jelaskan dulu"",""label_intent"":""defend"",""target"":[{""pemain"":""Andi"",""relasi"":""defend""}]},{""pengirim"":""Bela"",""teks_chat"":""sudah terlalu lama menunggu penjelasan"",""label_intent"":""offend"",""target"":[{""pemain"":""Andi"",""relasi"":""offend""}]},{""pengirim"":""Ciko"",""teks_chat"":""aku setuju, kita tidak bisa terus menunggu"",""label_intent"":""offend"",""target"":[{""pemain"":""Andi"",""relasi"":""offend""}]},{""pengirim"":""Doni"",""teks_chat"":""oke, aku mulai ragu juga sekarang"",""label_intent"":""offend"",""target"":[{""pemain"":""Andi"",""relasi"":""offend""}]},{""pengirim"":""Bela"",""teks_chat"":""pola vote yang tidak konsisten itu tanda yang jelas"",""label_intent"":""offend"",""target"":[{""pemain"":""Andi"",""relasi"":""offend""}]},{""pengirim"":""Ciko"",""teks_chat"":""aku setuju, sudah cukup bukti"",""label_intent"":""offend"",""target"":[{""pemain"":""Andi"",""relasi"":""offend""}]},{""pengirim"":""Doni"",""teks_chat"":""dia memang tidak bisa jelaskan pola votenya dari tadi"",""label_intent"":""offend"",""target"":[{""pemain"":""Andi"",""relasi"":""offend""}]},{""pengirim"":""Bela"",""teks_chat"":""aku masih ingat dari awal, pola itu tidak wajar"",""label_intent"":""offend"",""target"":[{""pemain"":""Andi"",""relasi"":""offend""}]}]","[""Andi"",""Bela"",""Ciko"",""Doni""]","[{""pemain"":""Andi"",""relasi"":""defend""}]"
Seno,"aku tidak asal ganti tuduhan, ada alasan yang bisa aku jelaskan",defend,"[{""pengirim"":""Rani"",""teks_chat"":""diskusi dimulai, ada yang mau buka informasi?"",""label_intent"":""neutral"",""target"":[]},{""pengirim"":""Tara"",""teks_chat"":""aku tidak punya info khusus malam ini"",""label_intent"":""neutral"",""target"":[]},{""pengirim"":""Udi"",""teks_chat"":""sama, aku juga tidak ada klaim"",""label_intent"":""neutral"",""target"":[]},{""pengirim"":""Rani"",""teks_chat"":""baik, kita lihat dari pola diskusi saja"",""label_intent"":""neutral"",""target"":[]},{""pengirim"":""Tara"",""teks_chat"":""belum ada yang terlalu menonjol sejauh ini"",""label_intent"":""neutral"",""target"":[]},{""pengirim"":""Udi"",""teks_chat"":""Seno berubah tuduhan dari ronde sebelumnya, itu mencurigakan"",""label_intent"":""offend"",""target"":[{""pemain"":""Seno"",""relasi"":""offend""}]},{""pengirim"":""Rani"",""teks_chat"":""iya, aku juga perhatikan itu"",""label_intent"":""offend"",""target"":[{""pemain"":""Seno"",""relasi"":""offend""}]},{""pengirim"":""Tara"",""teks_chat"":""mungkin dia dapat informasi baru"",""label_intent"":""defend"",""target"":[{""pemain"":""Seno"",""relasi"":""defend""}]},{""pengirim"":""Udi"",""teks_chat"":""informasi apa? tidak ada yang tahu"",""label_intent"":""offend"",""target"":[{""pemain"":""Seno"",""relasi"":""offend""}]},{""pengirim"":""Rani"",""teks_chat"":""kita tanya langsung ke dia"",""label_intent"":""neutral"",""target"":[]},{""pengirim"":""Tara"",""teks_chat"":""setuju, beri dia kesempatan jelaskan"",""label_intent"":""neutral"",""target"":[]},{""pengirim"":""Udi"",""teks_chat"":""aku tunggu penjelasannya"",""label_intent"":""neutral"",""target"":[]}]","[""Rani"",""Seno"",""Tara"",""Udi""]","[{""pemain"":""Seno"",""relasi"":""defend""}]"
Sandi,"aku tidak pasif, aku hanya mengamati dulu sebelum bicara",defend,"[{""pengirim"":""Rina"",""teks_chat"":""Sandi dari tadi tidak bicara sama sekali"",""label_intent"":""offend"",""target"":[{""pemain"":""Sandi"",""relasi"":""offend""}]},{""pengirim"":""Tomi"",""teks_chat"":""iya, pemain pasif memang mencurigakan"",""label_intent"":""offend"",""target"":[{""pemain"":""Sandi"",""relasi"":""offend""}]}]","[""Rina"",""Sandi"",""Tomi""]","[{""pemain"":""Sandi"",""relasi"":""defend""}]"
Ciko,"aku masih ragu, tapi aku tidak akan vote dia sekarang",defend,"[{""pengirim"":""Aldi"",""teks_chat"":""Bela dari tadi tidak bicara, itu mencurigakan"",""label_intent"":""offend"",""target"":[{""pemain"":""Bela"",""relasi"":""offend""}]},{""pengirim"":""Ciko"",""teks_chat"":""iya, pemain pasif perlu dipertanyakan"",""label_intent"":""offend"",""target"":[{""pemain"":""Bela"",""relasi"":""offend""}]},{""pengirim"":""Dara"",""teks_chat"":""mungkin dia sedang mengamati saja"",""label_intent"":""defend"",""target"":[{""pemain"":""Bela"",""relasi"":""defend""}]},{""pengirim"":""Aldi"",""teks_chat"":""mengamati atau menyembunyikan sesuatu?"",""label_intent"":""offend"",""target"":[{""pemain"":""Bela"",""relasi"":""offend""}]},{""pengirim"":""Ciko"",""teks_chat"":""aku tetap curiga"",""label_intent"":""offend"",""target"":[{""pemain"":""Bela"",""relasi"":""offend""}]},{""pengirim"":""Dara"",""teks_chat"":""kita tanya langsung ke dia dulu"",""label_intent"":""neutral"",""target"":[]},{""pengirim"":""Bela"",""teks_chat"":""aku memang mengamati, itu cara aku bermain"",""label_intent"":""defend"",""target"":[{""pemain"":""Bela"",""relasi"":""defend""}]},{""pengirim"":""Aldi"",""teks_chat"":""oke, aku terima penjelasan itu, Bela tidak mencurigakan"",""label_intent"":""defend"",""target"":[{""pemain"":""Bela"",""relasi"":""defend""}]}]","[""Aldi"",""Bela"",""Ciko"",""Dara""]","[{""pemain"":""Bela"",""relasi"":""defend""}]"
Player1,sumpah kaget pas layar berubah ke fase pagi,neutral,[],"[""Player1""]",[]
Doni,"aku juga setuju, terlalu banyak kontradiksi",offend,"[{""pengirim"":""Beni"",""teks_chat"":""Aldi bilang tidak tahu apa-apa, tapi tadi dia bilang hal yang berbeda"",""label_intent"":""offend"",""target"":[{""pemain"":""Aldi"",""relasi"":""offend""}]},{""pengirim"":""Cika"",""teks_chat"":""iya, ucapannya bertentangan"",""label_intent"":""offend"",""target"":[{""pemain"":""Aldi"",""relasi"":""offend""}]},{""pengirim"":""Doni"",""teks_chat"":""mungkin dia salah ingat saja"",""label_intent"":""defend"",""target"":[{""pemain"":""Aldi"",""relasi"":""defend""}]},{""pengirim"":""Beni"",""teks_chat"":""salah ingat atau sengaja sembunyikan?"",""label_intent"":""offend"",""target"":[{""pemain"":""Aldi"",""relasi"":""offend""}]},{""pengirim"":""Cika"",""teks_chat"":""aku curiga dia sengaja"",""label_intent"":""offend"",""target"":[{""pemain"":""Aldi"",""relasi"":""offend""}]},{""pengirim"":""Doni"",""teks_chat"":""kita tanya langsung ke dia dulu"",""label_intent"":""neutral"",""target"":[]},{""pengirim"":""Aldi"",""teks_chat"":""aku tidak berbohong, aku jelaskan nanti"",""label_intent"":""defend"",""target"":[{""pemain"":""Aldi"",""relasi"":""defend""}]},{""pengirim"":""Beni"",""teks_chat"":""sudah terlalu banyak kontradiksi dari dia"",""label_intent"":""offend"",""target"":[{""pemain"":""Aldi"",""relasi"":""offend""}]},{""pengirim"":""Cika"",""teks_chat"":""aku setuju dengan Beni"",""label_intent"":""offend"",""target"":[{""pemain"":""Aldi"",""relasi"":""offend""}]}]","[""Aldi"",""Beni"",""Cika"",""Doni""]","[{""pemain"":""Aldi"",""relasi"":""offend""}]"
