teks_chat,label_intent
dari cara lu ngeles terus fix lu Hitman,accusing
si A paling mencurigakan dari tadi jawabannya muter terus,accusing
gw curiga sama dia karena selalu ikut vote tanpa kasih alasan,accusing
lu kok langsung nuduh orang lain pas diskusi baru mulai sus,accusing
si B tadi kena Gag Order pas mau jelasin sesuatu fix dia target Hitman,accusing
yang pakai Gag Order barusan pasti Hitman dan gw curiga ke si C,accusing
dia diem terus waktu ditanya soal korban semalam mencurigakan banget,accusing
si D terlalu cepat nuduh gw padahal belum ada bukti fix dia Hitman,accusing
menurut gw si E sengaja bikin keributan biar perhatian pindah dari dia,accusing
lu dari tadi cuma ikut arus vote gw yakin lu Hitman,accusing
si F jawabannya beda sama chat dia sebelumnya sus banget,accusing
gw rasa Hitman ada di antara orang yang maksa vote si B,accusing
dia tiba-tiba aktif setelah ada korban semalam fix mencurigakan,accusing
si G paling sering menghilang pas diskusi dan muncul saat voting,accusing
kok lu langsung tahu target Gag Order sebelum diumumin aneh banget,accusing
gw nuduh si H karena dia selalu membela orang yang mencurigakan,accusing
si I terlalu tenang setelah kejadian malam tadi kayak sudah tahu semuanya,accusing
dia sengaja mengalihkan topik tiap kali ditanya soal aksinya,accusing
lu jangan pura-pura bingung gw lihat pola chat lu dari ronde kemarin,accusing
si J paling mungkin Hitman karena vote-nya selalu aman sendiri,accusing
gw curiga sama lu karena semalam ada korban lalu lu langsung punya alibi,accusing
yang paling keras nyuruh eksekusi orang lain biasanya Hitman tuh,accusing
si K kena Gag Order setelah menuduh lu jadi gw makin yakin sama dugaan ini,accusing
lu bilang gak tahu apa-apa tapi tadi ngasih detail yang cuma Hitman mungkin tahu,accusing
si L dari tadi memancing kita buat vote target yang sama tanpa alasan jelas,accusing
gw rasa dia pakai Gag Order buat nutupin jejaknya sendiri,accusing
si M terlalu cepat membela diri padahal belum ada yang nuduh,accusing
cara lu jawab pendek-pendek banget kayak lagi nyusun alibi,accusing
dia terus ganti pendapat setiap kali ada pemain baru yang ngomong,accusing
si N mencurigakan karena selalu online tapi jarang ikut diskusi,accusing
gw yakin salah satu dari kalian yang maksa skip vote itu Hitman,accusing
lu nuduh gw cuma karena gw beda pendapat fix lu lagi cari kambing hitam,accusing
si O tadi kena Gag Order tepat setelah membongkar pola lu,accusing
dia pura-pura bantu analisis tapi semua kesimpulannya malah bikin warga saling serang,accusing
gw lebih curiga ke si P daripada target yang dia tuduh,accusing
si Q jawabannya terlalu rapi buat ukuran pemain yang katanya bingung,accusing
lu selalu muncul pas situasi mulai panas lalu menghilang lagi sus banget,accusing
si R tadi berubah sikap setelah tribunal pertama fix ada yang disembunyikan,accusing
gw nuduh dia karena alibinya cuma ikut kata-kata orang lain,accusing
kalau lu bukan Hitman kenapa langsung panik waktu nama lu disebut,accusing
si S jelas sedang mengarahkan vote ke warga biasa,accusing
dia sengaja bikin chat panjang supaya poin pentingnya gak kelihatan,accusing
lu paling diuntungkan dari korban malam tadi jadi gw curiga ke lu,accusing
si T selalu membela pemain yang akhirnya terlihat mencurigakan,accusing
gw rasa yang pakai Gag Order tadi adalah orang yang takut ketahuan,accusing
si U terlalu fokus nyari Stalker sampai lupa bahas korban semalam,accusing
dia nuduh orang berdasarkan asumsi tapi gak pernah kasih observasi,accusing
lu bilang mau bantu warga tapi keputusan lu malah bikin kita rugi terus,accusing
si V paling aneh karena pendapatnya berubah setelah lihat hasil voting,accusing
gw curiga si W Hitman karena dia langsung ikut vote target yang sudah lemah,accusing
kalau bukan lu yang punya Gag Order kenapa lu tahu timingnya tepat banget,accusing
si X dari tadi cuma mengulang tuduhan orang lain supaya kelihatan ikut membantu,accusing
dari tadi lu paling ngotot nuduh orang tanpa bukti fix lu hitman,accusing
si A mendadak kena Gag Order pas mulai bongkar alibinya jadi dia sus banget,accusing
menurut gw si B hitman karena jawabannya muter terus dari awal diskusi,accusing
lu kenapa buru-buru banget ngajak vote si C? malah keliatan kayak nutupin diri sendiri,accusing
si D diem terus waktu ditanya soal malam tadi fix mencurigakan,accusing
gw curiga sama si E karena dia selalu ikut vote terakhir tanpa kasih alasan,accusing
Gag Order ke si F jelas banget buat membungkam orang yang hampir nemu hitman,accusing
si G dari tadi gonta-ganti tuduhan kayak lagi nyari kambing hitam,accusing
kayaknya si H hitman deh soalnya dia paling panik pas ada yang bahas korban,accusing
lu terlalu defensif bro santai dikit malah makin keliatan sus,accusing
si I tiba-tiba aktif setelah ada korban jatuh kemungkinan dia hitman,accusing
aku nuduh si J karena alibinya berubah dua kali dalam satu diskusi,accusing
si K yang kena Gag Order tadi mungkin punya info penting dan sengaja dibungkam,accusing
kalau bukan hitman kenapa lu terus menghindari pertanyaan soal pilihan vote,accusing
si L dari awal cuma nunggu orang lain nuduh lalu ikut arus banget,accusing
gw rasa si M pelakunya karena dia langsung mengalihkan topik setelah nama korban disebut,accusing
si N keliatan banget bikin fitnah lewat Gag Order tadi jangan sampai kita ketipu,accusing
lu bilang lihat kejadian malam tapi role lu apa sebenarnya? jangan-jangan hitman,accusing
si O paling mencurigakan karena tiap ditanya jawabnya pendek dan nggak nyambung,accusing
fix si P hitman dia sengaja bikin chat ramai biar analisis kita buyar,accusing
aku nggak percaya sama si Q karena tuduhannya selalu muncul setelah orang lain kasih petunjuk,accusing
si R mendadak membela pemain yang jelas mencurigakan berarti kemungkinan satu tim,accusing
bro si S kenapa langsung vote tanpa diskusi? kelakuan hitman banget,accusing
menurutku si T pelakunya karena dia tahu detail malam yang seharusnya nggak diketahui,accusing
Gag Order barusan terlalu pas waktunya si U pasti takut kebongkar,accusing
si V dari tadi nyari alasan buat ngegiring vote ke orang lain,accusing
lu ngaku civilian tapi kontribusinya cuma bikin keributan sus banget,accusing
si W punya pola aneh selalu online pas ada kejadian lalu menghilang saat ditanya,accusing
gw curiga berat sama si X karena dia nggak pernah kasih dugaan yang konsisten,accusing
si Y mungkin hitman dia sengaja diam sampai situasi aman buat dirinya,accusing
kalau si Z benar-benar warga kenapa malah membela orang yang kena tuduhan kuat,accusing
si A terlalu cepat menyimpulkan target malam tadi padahal informasinya terbatas,accusing
aku rasa hitmannya si B karena dia paling keras menolak semua teori,accusing
si C kelihatan gugup setelah Gag Order dipakai ke si D jangan-jangan dia dalangnya,accusing
lu dari tadi nyerang semua orang tanpa arah ini strategi hitman banget,accusing
si E cuma muncul buat ikut voting lalu hilang lagi mencurigakan parah,accusing
gw yakin si F pelakunya karena dia terus maksa kita eksekusi si G tanpa bukti jelas,accusing
si H ngomongnya berubah setelah korban ditemukan berarti dia sedang menyesuaikan alibi,accusing
jangan percaya si I dia sengaja bikin kita fokus ke role lain,accusing
si J kelihatan punya informasi lebih dari yang seharusnya fix hitman,accusing
menurut saya si K adalah pelaku karena seluruh argumennya hanya untuk membungkam diskusi,accusing
si L paling aneh ketika ditanya soal vote dia malah menyerang balik,accusing
lu bilang nggak tahu apa-apa tapi langsung tahu siapa yang harus dicurigai sus banget,accusing
si M kayaknya pakai Gag Order buat nutupin jejak sendiri,accusing
aku nuduh si N karena dia selalu membela hitman tanpa sadar,accusing
si O terlalu tenang setelah ada korban mungkin dia sudah tahu rencananya berhasil,accusing
gw rasa si P sengaja memecah kita supaya vote warga lain,accusing
si Q dari tadi cuma mengulang tuduhan orang lain tanpa observasi sendiri,accusing
Gag Order tadi membungkam pemain yang paling kritis jadi pelakunya kemungkinan si R,accusing
si S jelas mencurigakan karena dia menghindari semua pertanyaan tentang aksi malam,accusing
fix si T hitman dia baru aktif setelah semua orang mulai saling tuduh,accusing
kita jangan terpancing si U dia kelihatan sedang menggiring tribunal ke target yang salah,accusing
gw bukan hitman ya sumpah dari awal cuma bantu diskusi,defending
tuduhan lu ngaco banget aku civilian biasa,defending
jangan asal vote aku cuma karena tadi telat chat,defending
gue nggak punya skill serangan sama sekali cek aja pola main gue,defending
bukan gw yang hostage semalam jangan lempar kesalahan ke sini,defending
aku bukan hitman role-ku warga biasa dan nggak bisa ngapa-ngapain malam,defending
lu salah orang bro gw dari tadi konsisten nuduh yang mencurigakan,defending
santai dulu jangan langsung eksekusi aku cuma karena beda pendapat,defending
sumpah aku bukan sus yang kalian kira,defending
gw nggak pakai gag order itu skill hitman bukan punya gw,defending
kalau aku hitman kenapa dari tadi malah bantu cari pola,defending
tuduhan ini lemah banget cuma berdasarkan aku diem sebentar,defending
aku civilian dan tidak memiliki informasi role siapa pun,defending
jangan vote aku sebelum dengar penjelasan lengkapnya,defending
gw bukan pelaku semalam posisi gw cuma warga biasa,defending
dia nuduh gw buat ngalihin perhatian dari dirinya sendiri,defending
aku nggak pernah bilang punya info role orang karena memang bukan stalker,defending
kalau kalian eksekusi aku tim warga malah rugi besar,defending
gw yakin tuduhan ke aku sengaja dibangun biar hitman aman,defending
aku nggak bisa hostage siapa pun jadi jangan salah sasaran,defending
serius bukan aku yang bikin korban hilang semalam,defending
lu boleh curiga tapi jangan langsung anggap gw hitman,defending
gw cuma salah baca situasi bukan berarti role gw jahat,defending
aku tetap terbuka untuk ditanya tapi tuduhannya harus ada dasar,defending
bukan saya pelakunya saya hanya civilian tanpa kemampuan malam,defending
jangan termakan fitnah dia dari tadi cuma nyari kambing hitam,defending
gw nggak kena gag order kok jadi bisa jelasin semuanya sekarang,defending
kalau aku hitman harusnya aku nggak akan sejelas ini membela diri,defending
tadi aku diam karena lagi baca chat bukan karena menyusun alibi,defending
role aku bukan spy maupun hitman jadi jangan berharap aku punya bukti malam,defending
aku tidak menyerang siapa pun dan tidak tahu target malam tadi,defending
fix tuduhan ke gw cuma asumsi tanpa bukti konkret,defending
sumpah demi tim warga gw bukan orang jahat di ronde ini,defending
lu salah analisis gw dari gaya chat doang,defending
aku nggak punya alasan buat menghilangkan pemain lain,defending
gw cuma ikut vote berdasarkan informasi yang ada bukan karena kerja sama hitman,defending
tolong jangan eksekusi aku hanya karena aku berbeda pilihan vote,defending
dia sengaja memelintir ucapan gw supaya aku terlihat mencurigakan,defending
aku bisa jelaskan semua tindakan tadi karena tidak ada yang kusembunyikan,defending
gw bukan stalker jadi wajar kalau nggak punya hasil peek,defending
jangan paksa gw mengaku sesuatu yang memang nggak gw lakukan,defending
aku tidak memakai skill apa pun malam ini karena role-ku civilian,defending
kalau mau cari hitman lihat pemain yang paling sering mengalihkan isu,defending
gw udah konsisten dari awal dan nggak pernah ganti cerita,defending
bukti terhadap aku cuma karena telat balas chat itu nggak cukup,defending
aku membela diri karena tuduhan ini bisa bikin warga salah eksekusi,defending
lu boleh curiga tapi cek dulu siapa yang paling diuntungkan dari vote ini,defending
gw bukan ancaman buat tim dan nggak punya akses ke aksi malam,defending
serius aku cuma pemain biasa yang berusaha bantu menemukan hitman,defending
jangan percaya dia mentah-mentah karena pembelaan gw ada alasannya,defending
aku menolak tuduhan itu karena semua faktanya tidak cocok dengan role-ku,defending
sumpah bukan gw hitman ya dari tadi gw cuma ikut diskusi,defending
gw civilian biasa jangan asal vote cuma gara-gara gw diem,defending
bukan aku pelakunya aku nggak punya aksi malam sama sekali,defending
lu salah nuduh gw coba cek alibi pemain lain dulu,defending
fix bukan gue hitman kalau gue jahat harusnya ada korban semalam,defending
gw bukan target yang mencurigakan cuma lagi baca situasi,defending
jangan eksekusi aku dulu tuduhan kalian belum ada buktinya,defending
aku Stalker dan semalam sudah Peek satu pemain hasilnya bukan aku yang jahat,defending
gw Spy bukan Hitman jangan buang vote ke orang yang salah,defending
aku cuma Civilian dan nggak bisa melakukan apa pun saat malam,defending
tuduhan itu ngawur gw bahkan nggak pakai skill malam,defending
kalian jangan termakan fitnah dia bisa saja sedang pakai Gag Order,defending
gw nggak gagap atau menghindar cuma chat gw tadi kemungkinan kena Gag Order,defending
bukan aku yang nyandera korban semalam cek pola votingnya dulu,defending
kalau aku Hitman kenapa dari ronde awal terus bantu cari pelaku,defending
gw tetap konsisten dari awal jadi jangan paksa eksekusi tanpa alasan,defending
sumpah alibi gw jelas semalam gw nggak punya tindakan,defending
yang nuduh gw malah lebih mencurigakan karena langsung mengarahkan vote,defending
aku menolak tuduhan itu karena tidak ada bukti yang menghubungkan saya dengan korban,defending
tolong jangan asal voting aku hanya karena gaya chatku santai,defending
gw bukan Hitman dan nggak pernah pakai Gag Order ke siapa pun,defending
lu bisa cek ucapan gw dari ronde pertama semuanya masih nyambung,defending
aku Spy dan tadi malam sudah Guard seseorang jadi bukan penyerang,defending
jangan salah paham aku diam karena sedang menunggu informasi dari Stalker,defending
gw nggak kabur dari pertanyaan cuma lagi kena mute mendadak,defending
kalau aku jahat harusnya aku nggak akan terang-terangan membela korban,defending
tuduhan ke aku terlalu cepat mari bahas aksi malamnya dulu,defending
bukan saya pelakunya saya justru sudah memberi petunjuk tentang pemain mencurigakan,defending
aku tidak memiliki kemampuan menyerang atau menyandera jadi jelas bukan Hitman,defending
gw cuma warga biasa jangan bikin tim kita rugi gara-gara salah vote,defending
dia nuduh gw tanpa dasar padahal jawabannya sendiri berubah-ubah,defending
saya tidak berbohong posisi saya tetap Civilian sejak awal permainan,defending
jangan percaya provokasi itu bisa jadi Hitman sedang mengalihkan perhatian,defending
gw aman kok bukan berarti gw jahat mungkin saja aku cuma belum punya info,defending
aku tidak bisa membuktikan semuanya tapi tuduhan terhadapku juga belum kuat,defending
lu salah baca situasi gw memang pasif tapi bukan berarti Hitman,defending
kalau kalian eksekusi gw sekarang tim bakal kehilangan warga yang tidak bersalah,defending
semalam aku tidak melakukan Peek karena skill Stalker masih cooldown,defending
gw bukan orang yang nyuruh vote terburu-buru justru dari tadi minta bukti,defending
bukan aku yang membungkam chat dia gw nggak punya skill Gag Order,defending
kalian perlu ingat semua aksi malam dilakukan buta jadi jangan asal simpulkan,defending
aku sudah menjelaskan peranku dan tidak ada alasan untuk menyembunyikannya,defending
sumpah gw nggak nyandera siapa pun target korban bukan ulah gw,defending
yang benar-benar mencurigakan itu pemain yang terus memelintir ucapan gw,defending
aku tidak bersalah dan siap menjawab pertanyaan satu per satu,defending
jangan jadikan gaya ngomongku sebagai bukti bahwa aku Hitman,defending
gw tadi kena Gag Order jadi wajar kalau penjelasan gw sempat kepotong,defending
kalau mau vote aku kasih alasan yang jelas jangan cuma ikut suara mayoritas,defending
aku sudah membantu menemukan pola pelaku jadi aneh kalau sekarang malah dituduh,defending
bukan gue yang menyerang target itu buktinya peranku tidak punya kemampuan ofensif,defending
gw tetap di pihak warga dan nggak akan buang vote buat orang yang belum terbukti,defending
sumpah gw civilian biasa bukan hitman,bluffing
aku spy dan semalam udah guard dia jadi jangan vote aku,bluffing
gw stalker bro tadi malam udah peek satu orang tapi belum mau buka,bluffing
fix gw bukan hitman role gw cuma civilian,bluffing
jangan nuduh gw ya aku spy yang lagi jagain tim,bluffing
semalam gw intip si Raka dan dia keliatan aman kok,bluffing
gw stalker asli jangan asal eksekusi,bluffing
aku civilian polos dari awal cuma ikut diskusi,bluffing
bukan gw pelakunya sumpah role gw spy,bluffing
lu salah besar kalau vote gw karena gw punya info dari peek,bluffing
gw udah guard target penting semalam jadi hitman gagal nyerang,bluffing
dia yang mencurigakan bukan gw karena gw stalker,bluffing
aku hitman? ngaco role gw civilian biasa,bluffing
gw spy dan bisa jamin target semalam selamat karena gw kawal,bluffing
jangan percaya tuduhan itu gw cuma warga biasa,bluffing
semalam gw peek dia dan hasilnya bukan hitman,bluffing
role gw stalker tapi cooldown masih jalan jadi belum bisa cek lagi,bluffing
gw bukan sus ya aku spy yang lagi bantu tim,bluffing
kalian jangan salah vote gw karena gw udah baca satu role tadi malam,bluffing
aku civilian dan dari tadi cuma nyari siapa yang paling mencurigakan,bluffing
fix yang nuduh gw itu hitman karena mau ngalihin perhatian,bluffing
gw guard si Dimas semalam jadi kalau ada serangan pasti gagal,bluffing
sumpah role gw stalker bukan hitman,bluffing
aku udah peek si Bima hasilnya dia aman tapi jangan sebut role lengkap dulu,bluffing
gw warga biasa dan gak punya skill malam sama sekali,bluffing
kalau gw hitman harusnya dari tadi gag order orang dong,bluffing
aku spy asli dan gak bisa guard orang yang sama dua malam berturut-turut,bluffing
gw stalker jadi info gw valid jangan langsung ngegas,bluffing
bukan aku yang nyandera korban semalam karena gw civilian,bluffing
dia ngaku spy tapi gw yang sebenarnya punya skill guard,bluffing
gw punya hasil peek yang bikin dia sus tapi belum waktunya dibuka,bluffing
aku cuma civilian jangan bikin tribunal salah sasaran,bluffing
role gw spy dan target yang gw kawal tadi malam masih hidup,bluffing
gw stalker bro percaya sama info gw kali ini,bluffing
hitman pasti lagi nyamar jadi civilian dan itu jelas bukan gw,bluffing
aku udah cek satu pemain lewat peek dan dia bukan ancaman,bluffing
gw bukan pelaku karena semalam fokus guard orang yang dicurigai,bluffing
jangan vote aku dulu gw masih bisa bantu dari sisi spy,bluffing
aku civilian tapi feeling gw si Ardi lagi bluffing parah,bluffing
gw stalker dan siap buka hasil intipan kalau kalian gak eksekusi gw,bluffing
yang bener aja masa gw dituduh hitman padahal gw spy,bluffing
semalam gw guard si Naya jadi hitman gak mungkin berhasil nyandera dia,bluffing
aku bukan hitman sumpah dari awal role gw warga biasa,bluffing
gw punya info malam sebagai stalker dan si Reno keliatan mencurigakan,bluffing
kalau kalian percaya gw spy jangan vote orang yang gw kawal,bluffing
aku cuma civilian yang kebetulan paling aktif baca chat,bluffing
gw udah peek seseorang tapi hasilnya aman dan itu bukan gw sendiri,bluffing
role gw jelas stalker bukan jahat jadi jangan asal lempar tuduhan,bluffing
hitman lagi pura pura jadi spy dan menurut gw dia itu si Joko,bluffing
aku spy asli kalau targetku diserang harusnya ada yang selamat malam ini,bluffing
gw gak punya alasan buat bohong karena gw civilian biasa,bluffing
gw civilian biasa kok jangan asal vote,bluffing
sumpah aku Spy dan semalam udah guard dia,bluffing
gw Stalker asli semalem peek si Raka hasilnya aman,bluffing
bukan Hitman ya guys gw cuma warga biasa,bluffing
aku udah cek role orang semalam dan dia bukan Civilian,bluffing
kalau gw Hitman ngapain dari awal bantu diskusi,bluffing
fix gw Spy target guard gw diserang tapi selamat,bluffing
gw Stalker cooldown jadi belum bisa peek lagi ronde ini,bluffing
jangan vote aku karena role gw penting buat tim,bluffing
sumpah lu salah nuduh gw bukan Hitman,bluffing
aku Civilian dan dari tadi cuma baca pola voting,bluffing
gw ngaku Spy semalam gw lindungin si Dimas,bluffing
si Bimo mencurigakan banget padahal gw Stalker dan udah peek dia,bluffing
bukan gw yang hostage semalem gw role pelindung,bluffing
gw punya info dari Peek tapi belum bisa buka semuanya,bluffing
kalau mau menang jangan eksekusi gw karena gw Spy,bluffing
aku bukan jahat guys roleku Stalker,bluffing
gw udah guard target yang benar jadi Hitman gagal nyulik dia,bluffing
yang nuduh gw itu kayaknya lagi nutupin role aslinya,bluffing
santai gw Civilian bukan dalang di balik semua ini,bluffing
semalem gw Peek dan hasilnya si Naya bukan Hitman,bluffing
gw Spy tapi belum mau sebut target guard biar gak dibaca Hitman,bluffing
jangan percaya dia gw Stalker dan punya hasil cek,bluffing
aku cuma warga biasa kenapa malah diserang terus,bluffing
fix bukan gw pelakunya semalem gw lagi jaga orang,bluffing
gw bisa buktiin kalau role gw Stalker dari info ronde lalu,bluffing
sumpah gw gak punya skill serang gw cuma Civilian,bluffing
siapa pun yang vote gw bakal bikin tim kehilangan Spy,bluffing
gw udah bilang dari tadi gw Stalker bukan Hitman,bluffing
target guard gw selamat jadi jelas gw Spy,bluffing
aku Peek si Reno dan dia kelihatan mencurigakan banget,bluffing
jangan termakan fitnah Gag Order gw gak bisa ngomong tadi,bluffing
gw kena bungkam mendadak karena Hitman takut role gw kebongkar,bluffing
bukan aku yang nyulik orang gw gak punya skill malam,bluffing
gw Civilian tapi analisis gw lebih masuk akal dari tuduhan kalian,bluffing
semalem aku guard si Tio jadi jangan vote dia dulu,bluffing
gw Stalker cooldown satu ronde jadi belum ada info baru,bluffing
kalau gw Hitman harusnya gw gak akan sejelas ini bela diri,bluffing
aku Spy dan bisa jadi targetku yang diserang semalam,bluffing
dia ngaku Civilian terlalu cepat fix patut dicurigai,bluffing
gw udah Peek dia hasilnya aman tapi geraknya masih aneh,bluffing
sumpah role gw bukan Hitman tolong jangan buang vote,bluffing
aku warga biasa yang penting jangan salah eksekusi orang,bluffing
gw guard dia semalam jadi kalau ada serangan berarti gw benar Spy,bluffing
jangan percaya klaim Stalker itu gw yang punya info Peek,bluffing
gw tahu siapa yang mencurigakan karena semalam berhasil intip,bluffing
Hitman pasti lagi nyari kambing hitam dan sekarang nuduh gw,bluffing
aku bukan pelaku hostagenya gw bahkan gak punya aksi jahat,bluffing
gw Spy asli dan role ini jangan sampai diketahui musuh,bluffing
kalau kalian eksekusi gw tim bakal kehilangan pelindung utama,bluffing
gw Civilian murni dan gak punya alasan buat bohong,bluffing
siapa yang lu jaga semalem sebagai Spy,probing
Spy semalem ngeguard siapa nih,probing
ada yang bisa kasih clue target yang dilindungi tadi malam,probing
lu jaga siapa semalem kalau emang Spy,probing
target yang lu kawal tadi malam siapa,probing
siapa yang menurut lu diserang Hitman semalem,probing
Spy jangan diem aja kasih info dong,probing
ada yang selamat dari serangan semalem gak,probing
semalem ada yang lu lindungin gak,probing
kalau lu Spy target guard lu siapa tadi malam,probing
siapa yang kelihatan aman setelah fase malam,probing
ada yang tahu siapa kemungkinan jadi target Hitman,probing
Stalker sudah peek siapa aja sampai sekarang,probing
lu semalem ngintip siapa dan hasilnya apa,probing
siapa yang udah dikonfirmasi role-nya sama Stalker,probing
Stalker jangan simpan info terus kita butuh petunjuk,probing
peek terakhir lu ke siapa,probing
ada yang bisa buktiin identitas pemain lain gak,probing
lu dapat role apa dari hasil peek semalem,probing
siapa yang lu curigai berdasarkan info malam,probing
yang di-guard semalem ada yang ngerasa diserang gak,probing
kalau ada serangan gagal targetnya siapa kira-kira,probing
siapa yang paling mungkin jadi sasaran Hitman tadi malam,probing
ada yang merasa dilindungi semalem atau cuma asumsi,probing
Spy bisa jelasin alasan ngeguard target itu gak,probing
kenapa lu pilih orang itu buat dijaga,probing
target guard lu ada hubungannya sama kejadian malam gak,probing
siapa yang menurut kalian punya info rahasia tapi belum buka suara,probing
lu diam karena kena Gag Order atau emang lagi nyimak,probing
siapa yang tadi kena Gag Order dan sebelum itu ngomong apa,probing
Hitman pakai Gag Order ke siapa tadi siang,probing
ada yang sempat dibungkam mendadak gak,probing
sebelum dibungkam lu lagi bahas siapa,probing
siapa yang paling diuntungkan dari Gag Order barusan,probing
lu punya info malam tapi takut spill ya,probing
ayo buka info role kalian pelan-pelan biar kelihatan polanya,probing
siapa yang bisa memastikan alibi malamnya,probing
semalem lu ngapain aja sesuai role lu,probing
ada yang targetnya berubah atau gagal melakukan aksi,probing
siapa yang belum pernah ditanya soal aksi malamnya,probing
lu ngepeek siapa atau memang bukan Stalker,probing
kalau kamu Spy siapa yang kamu kawal tadi malam,probing
apakah ada warga yang terasa aman karena dijaga,probing
siapa yang kalian lihat paling mencurigakan setelah malam berakhir,probing
ada info dari malam tadi yang belum dibagikan,probing
target aksi kalian semalam siapa tanpa perlu buka role dulu,probing
siapa yang punya alasan kuat untuk menyerang pemain tertentu,probing
apakah Hitman sudah memilih korban atau serangannya gagal,probing
yang kena hostage semalem ada yang mau cerita gak,probing
siapa yang terakhir berinteraksi dengan target sebelum malam,probing
gw mau tahu siapa yang lu lindungi semalem dan kenapa,probing
semalam siapa yang dijaga Spy? coba jujur,probing
Spy tadi malam nge-guard siapa? kasih clue dikit,probing
yang punya info malam pertama bisa buka suara nggak?,probing
siapa yang kalian lindungi semalam? jangan pada ngeles,probing
ada yang tahu target serangan Hitman tadi malam?,probing
Spy kalau masih hidup mending kasih petunjuk target guard,probing
Stalker sudah peek siapa malam ini?,probing
yang sempat mengintip identitas orang lain siapa?,probing
Stalker tolong bilang hasil peek lu biar kita nggak salah vote,probing
lu peek siapa semalam? jangan cuma diam,probing
ada yang di-guard tadi malam? merasa diserang nggak?,probing
siapa yang tiba-tiba selamat dari serangan Hitman?,probing
kalau ada yang gagal dibunuh semalam coba ngaku,probing
Spy guard orang yang sama lagi atau ganti target?,probing
target guard malam pertama siapa? ini penting buat baca pola,probing
Hitman semalam nyandera siapa? atau belum ada korban?,probing
ada yang merasa jadi target hostage tadi malam?,probing
siapa yang paling mungkin diserang berdasarkan aksi malam?,probing
"kita butuh info night action kalian satu-satu, mulai dari Spy",probing
yang punya role info jangan disimpan sendiri terus,probing
Stalker cooldown-nya sudah selesai belum? kalau sudah peek siapa?,probing
lu bilang punya info tapi targetnya siapa sebenarnya?,probing
siapa yang lu cek identitasnya semalam?,probing
kalau kamu Spy siapa yang kamu kawal tadi malam?,probing
ada alasan kenapa target guard kamu dipilih?,probing
kenapa lu yakin orang itu aman? ada hasil peek atau cuma feeling?,probing
siapa yang bisa memastikan si B bukan Hitman?,probing
ada yang melihat pola target Hitman dari malam sebelumnya?,probing
kalau Spy masih hidup kasih inisial target guard aja dulu,probing
Stalker jangan spill setengah-setengah deh peek lu ke siapa?,probing
siapa yang paling mencurigakan setelah aksi malam tadi?,probing
ada yang dapat perlindungan semalam? jawab jujur ya,probing
siapa yang tidak boleh di-guard lagi karena sudah dijaga kemarin?,probing
Spy kamu guard siapa di malam sebelumnya? jangan target yang sama lagi,probing
bisa jelasin kenapa kamu memilih orang itu buat dikawal?,probing
Hitman biasanya pilih target tertentu nggak? siapa yang paling diincar?,probing
yang kena Gag Order tadi sempat ngomong apa sebelum dibungkam?,probing
siapa yang menurut kalian punya informasi tapi sengaja menutup diri?,probing
kalau kamu Stalker kenapa belum kasih hasil peek?,probing
siapa yang identitasnya sudah kamu pastikan aman?,probing
ada yang tahu siapa target asli Hitman malam ini?,probing
jangan cuma nuduh dari vibe kasih tahu info malam kalian,probing
siapa yang kalian curigai karena gerakannya cocok dengan role Hitman?,probing
target guard dan target peek malam tadi siapa aja?,probing
kalau ada yang mengaku Spy bukti informasinya apa?,probing
kamu dapat info itu dari Peek atau cuma asumsi?,probing
siapa yang paling diuntungkan dari korban malam tadi?,probing
ada yang bisa cerita urutan aksi malam tanpa buka role langsung?,probing
siapa yang tadi malam kelihatan jadi sasaran tapi malah selamat?,probing
gw mau gali info dulu siapa yang punya aksi malam dan targetnya siapa,probing
sebelum voting siapa yang punya rahasia soal kejadian malam tadi?,probing
gw bukan hitman bro malah si Raka yang dari tadi ngarahin vote ke gw,deflecting
lu nuduh gw terus padahal yang paling mencurigakan si Dito karena diem aja,deflecting
jangan fokus ke gw dulu coba cek kenapa si Naya ganti-ganti alibi,deflecting
sumpah gw civilian biasa yang aneh itu justru si Bimo,deflecting
kalau gw hitman ngapain gw buka suara dari awal mending lihat si Sari yang pasif,deflecting
tuduhan lu ngawur banget si Fajar malah tiba-tiba ikut vote tanpa alasan,deflecting
gw gak ada skill aneh-aneh bro yang perlu dicurigai itu si Tio,deflecting
lu cuma lempar tuduhan biar perhatian pindah dari diri lu sendiri,deflecting
jangan asal vote gw lihat dulu siapa yang paling diuntungkan dari kematian semalam,deflecting
si Kiki lebih mencurigakan karena selalu ikut suara mayoritas,deflecting
gw bukan target yang tepat coba tanya si Rian kenapa dia terus bela si Vina,deflecting
kalau mau cari hitman jangan cuma dengerin omongan si Joko,deflecting
lu nuduh gw tanpa bukti padahal si Wawan dari tadi maksa banget,deflecting
yang gag order tadi malah bikin si Lala makin mencurigakan bukan gw,deflecting
gw cuma beda pendapat bukan berarti hitman si Oki justru ngeles terus,deflecting
fix yang panik itu si Nando bukan gw,deflecting
jangan keburu eksekusi gw mending perhatiin voting si Reta dari ronde kemarin,deflecting
gw gak ngerti kenapa gw terus diserang padahal si Ucup gak pernah kasih info,deflecting
siapa yang pertama nuduh gw coba cek dia sendiri jangan-jangan hitman,deflecting
lu bilang gw mencurigakan tapi si Yogi lebih sering hilang pas diskusi,deflecting
gw aman kok yang perlu diawasi itu si Caca karena alibinya tipis,deflecting
bukan gw yang nyari ribut dari tadi si Eko malah mancing semua orang,deflecting
kalau si Gita beneran stalker harusnya dia punya info bukan cuma nuduh gw,deflecting
gw cuma ngebela diri karena si Hani mulai nyari kambing hitam,deflecting
vote gw sekarang malah nguntungin hitman yang sebenarnya si Iwan,deflecting
jangan termakan provokasi si Jeni dia yang paling keras nyuruh eksekusi,deflecting
gw gak punya alasan bunuh siapa pun coba lihat pola vote si Koko,deflecting
yang berubah sikap setelah malam itu si Luki bukan gw,deflecting
lu fokus banget ke gw sampai lupa si Mita tadi gag order orang,deflecting
si Ojan lebih mencurigakan karena jawabannya selalu muter-muter,deflecting
gw bisa jelasin semuanya tapi kenapa si Pita malah terus motong chat gw,deflecting
kalau gw hitman harusnya gw diam bukan malah bantu analisis,deflecting
si Qori tiba-tiba nuduh gw setelah temennya mati itu sus banget,deflecting
jangan percaya si Rara dia cuma mindahin isu karena alibinya ketahuan,deflecting
gw bukan hitman serius yang ngatur arah vote itu si Seno,deflecting
si Tami kelihatan banget lagi cari target baru setelah tuduhannya gagal,deflecting
lu salah baca situasi si Udin yang paling diuntungkan dari tribunal kemarin,deflecting
gw cuma civilian dan gak punya info role siapa-siapa beda sama si Vero yang sok tahu,deflecting
coba tanya si Wira kenapa dia selalu muncul pas mau voting aja,deflecting
yang defensif dari tadi itu si Xena bukan gw,deflecting
si Yuda sengaja bikin gw kelihatan sus supaya dirinya aman,deflecting
gw gak pernah pakai gag order jadi jangan samain gw sama si Zaki,deflecting
kalau mau cari hitman lihat siapa yang paling cepat lempar nama orang lain,deflecting
tuduhan ini cuma pengalihan karena si Ardi takut identitasnya kebaca,deflecting
gw gak pernah klaim stalker yang ngaku begitu malah si Beni,deflecting
si Citra terlalu cepat percaya info palsu berarti dia patut dicurigai,deflecting
jangan eksekusi gw dulu karena si Danu jelas punya motif lebih kuat,deflecting
lu nuduh gw buat nutupin gerak-gerik si Evi yang dari malam gak pernah ngomong,deflecting
gw gak masalah diperiksa tapi vote si Fikri dulu karena dia paling mencurigakan,deflecting
sumpah yang main aman dan cuma ikut arus itu si Geri bukan aku,deflecting
"gw bukan hitman bro, yang dari tadi nuduh tanpa bukti itu malah mencurigakan",deflecting
"jangan fokus ke gw terus, si Raka dari awal juga ngilang pas diskusi",deflecting
"kalau gw hitman ngapain segitunya ngebela diri, coba cek si Dimas yang diem aja",deflecting
"tuduhan lu ngawur, mending bahas kenapa si Nia vote random kemarin",deflecting
"bukan gw yang aneh, justru lu yang buru-buru ngegas dari awal ronde",deflecting
"gw civilian kok, perhatian kalian salah target, si Bimo malah makin mencurigakan",deflecting
daripada nuduh gw tanpa dasar mending tanya si Sari soal aksinya semalam,deflecting
"lu nuduh gw karena panik ya, padahal yang gag order kemarin jelas bukan gw",deflecting
"sumpah gw bukan hitman, si Aldi yang terus ganti-ganti alasan itu lebih sus",deflecting
"kenapa gw terus yang dibahas, coba lihat si Fajar yang sama sekali nggak kontribusi",deflecting
"gw nggak punya alasan buat bohong, tapi lu sendiri belum jelasin kenapa vote si Rina",deflecting
"kalau mau cari hitman jangan cuma lihat yang vokal, pemain pendiam kayak si Tio juga patut dicurigai",deflecting
"bukan gw pelakunya, si Kiki malah menghindar tiap ditanya soal malam pertama",deflecting
"lu salah baca situasi, yang paling maksa eksekusi gw itu justru orang yang perlu kita cek",deflecting
"gw cuma ngasih analisis, kenapa malah gw yang diserang, coba perhatiin si Yuda",deflecting
"jangan lempar kesalahan ke gw, si Wawan dari tadi cuma ikut arus voting",deflecting
"aku tidak bersalah, tetapi sikapmu yang terlalu agresif justru lebih mencurigakan",deflecting
"saya warga biasa, sebaiknya kita menelusuri alibi pemain yang tidak aktif",deflecting
"tuduhan ini tidak berdasar, apakah kamu sudah menjelaskan tindakanmu pada fase malam",deflecting
"jangan abaikan si Maya hanya karena dia terlihat tenang, bisa jadi dia sedang menutup identitasnya",deflecting
"aku bukan Hitman, malah sejak awal si Reza yang mengarahkan semua orang untuk memilih target tertentu",deflecting
"kalau bukti kalian cuma karena gw banyak ngomong ya lemah banget, cek si Jono yang pasif",deflecting
lu bilang gw mencurigakan tapi belum jawab kenapa target lu selamat semalam,deflecting
"gw rasa kalian salah fokus, pola voting si Vina lebih aneh daripada pembelaan gw",deflecting
"bukan waktunya ngejar gw, bahas dulu kenapa si Eko mendadak menghilang setelah chat dibuka",deflecting
"sumpah demi tim gw aman, yang perlu diperiksa itu si Lala karena alibinya berubah-ubah",deflecting
"gw dituduh cuma karena beda pendapat, sementara si Doni ikut semua keputusan tanpa alasan",deflecting
"kalian mau eksekusi gw silakan, tapi jangan kaget kalau Hitman sebenarnya si Bagas",deflecting
"aku sudah menjelaskan posisiku, sekarang giliran dia yang menerangkan kenapa terus menghindari pertanyaan",deflecting
"yang bikin suasana kacau bukan gw, tapi si Nando yang dari tadi memotong semua analisis",deflecting
"lu terlalu cepat menyimpulkan, padahal si Putri punya riwayat vote yang paling mencurigakan",deflecting
"gw nggak pernah pakai Gag Order, tanya aja siapa yang paling diuntungkan dari pembungkaman itu",deflecting
"kalau aku Stalker pun aku nggak bakal buka identitas sembarangan, tapi perilaku si Seno jelas lebih sus",deflecting
"jangan percaya omongan si Riko mentah-mentah, dia yang pertama kali nuduh tanpa data",deflecting
"gw cuma salah baca satu hal bukan berarti gw Hitman, si Caca malah nggak punya kontribusi sama sekali",deflecting
daripada menghakimi saya sekarang lebih baik periksa inkonsistensi jawaban pemain lain,deflecting
"dia nuduh gw karena takut kebaca, coba lihat siapa yang paling diuntungkan kalau gw mati",deflecting
"fix bukan gw, si Oki kelihatan banget lagi mengarahkan voting ke target aman",deflecting
"jangan jadikan gw kambing hitam, bahas dulu kenapa si Tania selalu muncul setelah keputusan dibuat",deflecting
"lu curiga sama gw karena gw defensif, tapi si Arman juga defensif banget pas ditanya soal aksinya",deflecting
"gw nggak perlu ngarang cerita, yang bohong malah si Gita karena alibinya nggak nyambung",deflecting
"kalau memang mau menang jangan buang waktu eksekusi orang yang cuma banyak bicara, cek pemain yang pasif",deflecting
"aku memahami kecurigaan kalian, tetapi alasan yang sama juga berlaku untuk si Hasan",deflecting
"yang mulai tuduhan ini si Fikri dan sekarang dia malah diam, menurutku itu lebih mencurigakan",deflecting
"gw aman kok, jangan sampai Hitman memanfaatkan keributan ini buat menyingkirkan gw",deflecting
"lu nuduh gw buat nutupin jejak sendiri ya, karena voting lu dari tadi paling nggak konsisten",deflecting
"bukan gw yang bikin tim kehilangan arah, si Bela terus memecah fokus dengan tuduhan random",deflecting
"saya menolak tuduhan tersebut, dan saya menyarankan kita meninjau ulang perilaku pemain yang berubah setelah tribunal",deflecting
"gw udah kasih semua info yang bisa gw kasih, sekarang sorot si Kevin yang selalu ikut mayoritas",deflecting
kalau aku benar Hitman pasti nggak akan sebegitu terang-terangan membela analisis tim,deflecting
"jangan eksekusi gw cuma karena dia teriak paling keras, bisa jadi dia sedang mengalihkan perhatian",deflecting
si A dari tadi ngeles terus dan nggak kasih alibi jelas fix hitman,persuading
vote si B aja gerakannya paling mencurigakan sejak ronde pertama,persuading
menurut gw si C terlalu cepat nuduh orang lain buat nutupin jejaknya,persuading
jangan kejebak omongan si D dia kayaknya lagi pakai gag order buat bikin kita panik,persuading
si E diam terus pas diskusi padahal hitman biasanya main aman begitu,persuading
gw curiga berat sama si F karena alibinya berubah-ubah,persuading
kalau kita salah vote kali ini hitman makin bebas jadi eksekusi si G aja,persuading
si H paling sering menggiring vote tapi nggak pernah kasih bukti,persuading
fix si I sus dari cara dia membela si J tanpa alasan,persuading
vote si K sekarang sebelum dia sempat bikin kita saling curiga,persuading
aku rasa si L adalah hitman karena jawabannya selalu menghindar,persuading
si M tadi kena gag order dan menurutku itu bukan kebetulan,persuading
jangan vote acak si N paling mencurigakan dari pola chatnya,persuading
si O terlalu pasif buat ukuran civilian biasa kemungkinan dia hitman,persuading
gw nggak percaya si P dia nuduh orang hanya berdasarkan asumsi,persuading
kita harus eksekusi si Q karena dia terus memecah fokus diskusi,persuading
si R kelihatan tahu terlalu banyak padahal dia mengaku civilian,persuading
vote si S aja dia muncul cuma saat mau mengarahkan voting,persuading
menurutku si T sengaja bikin argumen berantakan supaya hitman lolos,persuading
si U paling sus dari semua pemain dan belum punya pembelaan kuat,persuading
kalau si V benar-benar spy harusnya dia bisa jelaskan alasan guardnya,persuading
si W mengaku stalker tapi klaim peek-nya nggak konsisten,persuading
gw yakin si X hitman lihat saja dia selalu ikut vote mayoritas,persuading
si Y terlalu agresif menekan pemain lain mungkin dia sedang menutupi perannya,persuading
kalian jangan tertipu si Z dari tadi cuma mengulang tuduhan tanpa bukti,persuading
aku usul kita eksekusi si A karena perilakunya paling tidak konsisten,persuading
si B jelas sedang cari kambing hitam supaya dirinya aman,persuading
vote si C dia bahkan nggak membantah tuduhan dengan serius,persuading
hitman pasti senang kalau kita terus debat tanpa target jadi pilih si D,persuading
si E terlalu cepat menyimpulkan bahwa semua orang aman itu mencurigakan,persuading
gw rasa si F bukan civilian karena dia paham pola serangan malam terlalu detail,persuading
si G tadi langsung mengarahkan voting ke si H tanpa alasan yang jelas,persuading
kita fokus ke si I dulu karena dia paling banyak bikin kekacauan,persuading
si J klaimnya sebagai spy terasa dibuat-buat dan datang di saat yang pas,persuading
menurut analisis chat si K punya pola defensif seperti hitman,persuading
jangan kasih kesempatan si L bicara lagi langsung vote dia,persuading
si M kemungkinan besar hitman karena terus memanfaatkan pemain yang kena gag order,persuading
vote si N aja dia selalu menunggu orang lain menentukan arah,persuading
si O bilang dia stalker tetapi belum pernah memberi informasi yang bisa diverifikasi,persuading
aku lebih percaya si P sebagai target eksekusi karena semua alibinya lemah,persuading
si Q makin dibela banyak orang justru makin sus menurut gw,persuading
si R terlihat sengaja menghindari topik soal aksi malam,persuading
kalau mau menang kita harus sepakat eksekusi si S sekarang,persuading
si T dari tadi cuma ikut arus dan itu gaya hitman yang takut ketahuan,persuading
gw sarankan vote si U karena dia paling sering mengubah pendapat,persuading
si V terlalu tenang setelah ada korban malam ini pasti dia tahu sesuatu,persuading
jangan pilih si W dia cuma civilian yang sedang kena fitnah,persuading
target paling masuk akal saat ini si X karena bukti chat mengarah ke dia,persuading
si Y belum memberikan kontribusi apa pun selain menuduh orang lain,persuading
fix kita eksekusi si Z sebelum hitman memakai gag order lagi,persuading
kalau kalian setuju kita bulatkan suara ke si A supaya tribunal kali ini nggak sia-sia,persuading
si A dari tadi ngeles terus pas ditanya role fix dia Hitman,persuading
vote B aja gerakannya paling mencurigakan sejak ronde pertama,persuading
jangan keburu percaya sama C dia cuma ikut arus biar aman,persuading
menurut gw D harus dieksekusi sebelum dia makin bebas bikin kacau,persuading
E terlalu aktif nuduh orang tapi nggak pernah kasih bukti,persuading
fix F Hitman lihat aja alasan dia selalu berubah-ubah,persuading
kalau kita salah vote G ronde ini Hitman bakal makin susah dihentikan,persuading
gw curiga berat sama H dia muncul cuma pas mau menggiring vote,persuading
tolong fokus ke I dulu karena jawabannya paling nggak konsisten,persuading
J kelihatan banget lagi cari kambing hitam buat nutupin perannya,persuading
daripada nebak-nebak mending kita eksekusi K yang paling mencurigakan,persuading
L dari tadi defensif banget padahal belum ada yang nuduh langsung,persuading
vote M sekarang dia kemungkinan besar dalang semua serangan malam,persuading
N ngaku punya info tapi omongannya muter-muter banget sus,persuading
gw yakin O cuma pura-pura bingung supaya lolos dari tribunal,persuading
P terlalu cepat membela Q jadi mereka bisa aja satu kubu,persuading
jangan buang vote ke pemain pasif R justru S yang aktif mengacau,persuading
menurut aku T adalah pilihan paling aman untuk dieksekusi hari ini,persuading
U ketahuan mengubah cerita setelah V kasih argumen kuat,persuading
kita harus kompak vote W kalau nggak Hitman bakal menang malam ini,persuading
X terus menghindari pertanyaan soal aksinya semalam,persuading
Y paling sering memancing debat lalu sembunyi saat diminta bukti,persuading
z bisa jadi Spy palsu karena klaimnya nggak nyambung sama kejadian,persuading
aku nggak percaya A2 yang baru muncul langsung nuduh orang lain,persuading
B2 keliatan sengaja bikin chat berantakan supaya target sebenarnya lolos,persuading
C2 selalu ikut vote mayoritas tanpa pernah punya pendapat sendiri,persuading
kalau dia benar Civilian harusnya jawabannya lebih jelas bukan malah menyerang balik,persuading
D2 punya pola mencurigakan tiap malam selalu ada alasan baru,persuading
gw rasa E2 adalah Hitman yang sedang cari target untuk Gag Order,persuading
F2 jangan dikasih kesempatan lanjut ronde karena buktinya sudah cukup,persuading
kalian lihat sendiri G2 paling panik waktu nama H2 disebut,persuading
vote I2 aja dia terlalu maksa kita pindah target,persuading
J2 kemungkinan sedang melindungi partnernya dengan nuduh K2,persuading
L2 kelihatan tenang bukan karena aman tapi karena merasa rencananya berhasil,persuading
aku minta semua fokus eksekusi M2 sebelum fase malam dimulai,persuading
N2 dari tadi cuma mengulang tuduhan tanpa menjawab kecurigaan ke dirinya,persuading
O2 paling masuk akal jadi Hitman karena jejak votingnya aneh,persuading
jangan sampai P2 lolos dia jelas sedang memainkan opini warga,persuading
Q2 terlalu cepat mengklaim aman padahal Stalker belum kasih info,persuading
R2 terus mengarahkan vote ke Civilian dan itu mencurigakan banget,persuading
sumpah S2 lebih layak dieksekusi daripada T2 yang sudah kasih penjelasan,persuading
kalau kalian masih ragu perhatikan U2 dia selalu muncul setelah konflik dimulai,persuading
V2 mungkin pakai Gag Order untuk membungkam orang yang hampir bongkar identitasnya,persuading
W2 harus keluar sekarang karena dia paling diuntungkan dari kekacauan ini,persuading
gw nggak mau ambil risiko biarkan X2 hidup sampai malam berikutnya,persuading
Y2 jelas bukan warga biasa cara bicaranya terlalu mengatur alur diskusi,persuading
z2 dari awal cuma pura-pura membantu padahal semua sarannya merugikan,persuading
ayo satukan vote ke A3 jangan terpencar atau Hitman bakal selamat,persuading
aku yakin B3 target yang benar lihat saja semua kontradiksi di chatnya,persuading
sebelum tribunal ditutup pastikan vote kita jatuh ke C3,persuading
gw civilian biasa jangan curiga dulu,claiming
sumpah aku Spy dan semalam aku jaga seseorang,claiming
aku Stalker bukan Hitman ya,claiming
fix gw Hitman kalau kalian berani percaya,claiming
gue ngaku Civilian murni dari awal,claiming
aku bukan sus dan role-ku Civilian,claiming
gw Spy tolong jangan vote gw pagi ini,claiming
dia bilang Stalker tapi sebenarnya gw yang punya info,claiming
aku Stalker dan baru bisa Peek malam ini,claiming
kalian boleh curiga tapi gw bukan Hitman,claiming
role gw Spy jadi jangan eksekusi aku dulu,claiming
saya warga biasa dan tidak punya skill apa pun,claiming
gw claim Civilian kalau ada yang mau bantah silakan,claiming
aku Hitman katanya tapi jelas itu cuma jebakan,claiming
fix aku Stalker bukan pengkhianat di sini,claiming
lu percaya aja gw Spy dan bisa Guard,claiming
gue bukan pelaku malam tadi role gue Civilian,claiming
aku claim sebagai Stalker dan siap kasih hasil Peek,claiming
gw Spy asli jangan sampai salah vote,claiming
role aku Civilian jadi jangan paksa aku buka info,claiming
sumpah demi tim gw bukan Hitman,claiming
aku adalah Spy yang bertugas melindungi warga,claiming
gw Stalker dan hasil intipanku bisa dicek nanti,claiming
kalian salah sasaran kalau vote aku karena aku Civilian,claiming
aku bukan sus role-ku jelas Civilian,claiming
gue berani claim Spy sekarang sebelum terlambat,claiming
gw Hitman asli katanya sih biar kalian panik,claiming
aku Stalker bukan orang yang kalian cari,claiming
role gw warga biasa jadi kontribusiku cuma analisis,claiming
saya mengklaim sebagai Spy dan siap dipertanggungjawabkan,claiming
aku bukan Hitman dan tidak punya akses Gag Order,claiming
gw claim Civilian siapa pun yang nuduh harus bawa bukti,claiming
lu bisa cek nanti aku Stalker bukan pembunuh,claiming
gue Spy dan malam kemarin sudah melakukan Guard,claiming
aku cuma Civilian jangan buang vote ke sini,claiming
fix yang ngegas ke aku itu bukan berarti gw Hitman karena aku Spy,claiming
role-ku Stalker dan aku punya alasan buat curiga ke dia,claiming
gw berani buka identitas aku Civilian,claiming
aku Hitman menurut kalian tapi sebenarnya aku Spy,claiming
sumpah gw bukan pelaku aku warga biasa,claiming
aku claim Stalker dari sekarang biar info tidak hilang,claiming
kalau perlu aku buka role sekarang aku Civilian,claiming
gw Spy jangan eksekusi aku sebelum malam berikutnya,claiming
gue bukan Hitman role asli gue Stalker,claiming
aku warga biasa dan tidak bisa melakukan aksi malam,claiming
role gw Spy jadi fokus cari orang yang mengaku palsu,claiming
aku Stalker dan klaim ini bukan buat cari aman,claiming
gw bukan sus aku Civilian yang dari tadi ikut diskusi,claiming
saya bukan Hitman melainkan Stalker,claiming
aku claim Spy kalau ada yang bisa membuktikan aku bohong silakan,claiming
gw civilian biasa bukan hitman,claiming
sumpah gue Spy dan semalam nge-Guard Raka,claiming
aku Stalker dan sudah Peek satu orang tadi malam,claiming
fix gue bukan Hitman cuma warga biasa,claiming
lu percaya aja aku Spy yang jagain tim,claiming
"gw Hitman, silakan kalau berani vote sekarang",claiming
aku claim Civilian dulu biar jelas posisi,claiming
dia ngaku Spy padahal gw Spy asli,claiming
gue Stalker tapi belum bisa buka hasil Peek,claiming
kami civilian semua jangan asal eksekusi,claiming
gw bukan sus dan role gw Civilian,claiming
saya mengaku sebagai Spy dan siap menjelaskan aksi malam,claiming
aku Hitman katanya? enggak lah gw warga biasa,claiming
role gw Stalker dan target Peek gw aman,claiming
lu jangan nuduh gw Hitman tanpa bukti karena gw Spy,claiming
gw claim Spy dari awal biar tidak ada yang salah paham,claiming
sumpah aku Civilian dan tidak punya skill malam,claiming
yang asli Stalker itu aku bukan dia,claiming
gue Hitman asli tapi jangan berharap gw gampang ketangkap,claiming
aku bukan role jahat gw cuma Civilian,claiming
gw Spy semalam ngejagain Dito jadi cek alibinya,claiming
dia bohong soal role karena gw Stalker asli,claiming
aku claim sebagai Stalker dan punya info penting,claiming
kalian boleh curiga tapi gw Civilian beneran,claiming
fix role gw Spy bukan Hitman,claiming
gw cuma warga biasa jangan dibungkam pakai Gag Order,claiming
aku Stalker dan Peek berikutnya masih cooldown,claiming
saya Civilian dan tidak terlibat aksi malam sama sekali,claiming
lu bisa percaya gw karena role gw Spy,claiming
gw Hitman jadi mending kalian salah vote aja,claiming
role gue Civilian siapa pun boleh cek dari pola main,claiming
aku Spy tapi belum mau sebut siapa yang aku Guard,claiming
yang ngaku Civilian itu mencurigakan karena gw Civilian asli,claiming
gw claim Stalker dan hasil intipanku ada di tangan,claiming
sumpah dia Hitman sedangkan aku Spy yang melindungi tim,claiming
aku bukan Stalker dan bukan Spy gw Civilian,claiming
gue role jahatnya Hitman jangan sok aman,claiming
kami para Civilian harus kompak cari Hitman,claiming
gw Spy asli kalau mati berarti tim kehilangan pelindung,claiming
aku Stalker dan bisa bantu bongkar identitas Hitman,claiming
dia cuma pura-pura jadi Spy karena gw yang pegang role itu,claiming
gue warga biasa tapi siap ikut keputusan Tribunal,claiming
claim gw jelas aku Hitman dan kalian sudah terlambat,claiming
aku Spy semalam gagal Guard karena targetnya kena serang bukan,claiming
gw Civilian jadi jangan berharap ada info dari fase malam,claiming
role gue Stalker dan malam ini belum bisa Peek lagi,claiming
lu boleh vote gw tapi ingat aku Spy yang asli,claiming
saya mengklaim sebagai Civilian dan tidak memiliki kemampuan khusus,claiming
gw Hitman yang selama ini kalian cari,claiming
aku role Spy dan siap jadi pelindung malam ini,claiming
dia ngaku Stalker tapi gw Stalker sebenarnya,claiming
anjir baru mulai udah tegang aja,neutral
chat siang dibuka lagi guys,neutral
malam ini chat dikunci ya,neutral
lah kok langsung masuk tribunal,neutral
gw masih loading suasananya,neutral
santai dulu baru debat,neutral
eh tadi siapa yang ngomong terakhir,neutral
kok sunyi banget pagi ini,neutral
waduh ada yang kena hostage ya,neutral
ternyata fase malam cepat juga,neutral
gw kira masih diskusi ternyata udah malam,neutral
sistemnya simpel tapi bikin panik,neutral
shadow heist ini lumayan bikin mikir,neutral
baru ronde pertama udah pada curiga,neutral
lah vote-nya seri ya,neutral
siapa yang belum ikut voting,neutral
tribunal dibuka guys siap-siap,neutral
kok nama gw muncul di layar,neutral
eh chat gw kekunci dong,neutral
lah siapa yang kena gag order,neutral
fiturnya unik juga bisa bisu mendadak,neutral
gw tadi mau ngetik malah nggak bisa,neutral
malam tanpa chat berasa sepi banget,neutral
semua aksi malam dilakukan diam-diam ya,neutral
oke kita tunggu hasil paginya,neutral
pagi lagi nih semoga jelas,neutral
waduh ada yang hilang dari ronde ini,neutral
ternyata yang selamat masih banyak,neutral
gw belum paham timing peek-nya,neutral
skill tiap role beda banget ya,neutral
spy bisa guard satu orang katanya,neutral
hitman bisa hostage di malam hari,neutral
stalker punya cooldown juga toh,neutral
cooldown-nya lumayan lama ternyata,neutral
civilian cuma bisa ikut diskusi ya,neutral
nggak ada ekonomi sama sekali di game ini,neutral
enak juga nggak ada sistem uang-urangan,neutral
jadi fokusnya murni baca gerak pemain,neutral
round ini berasa cepet banget,neutral
gw baru masuk langsung disuruh vote,neutral
lah kok pagi datang lagi,neutral
kayaknya servernya lancar hari ini,neutral
suara tribunalnya rame juga,neutral
aku masih nyimak dulu ya,neutral
kamu tadi sempat lihat pengumumannya nggak,neutral
dia dari tadi cuma baca chat,neutral
kita tunggu semua orang online dulu,neutral
mereka langsung ramai setelah chat dibuka,neutral
fix game ini bikin susah santai,neutral
seru juga lihat hasil aksinya,neutral
waduh malamnya langsung dikunci ya,neutral
lah kok udah masuk fase siang aja,neutral
anjir tribunalnya mulai sekarang,neutral
chatnya mendadak sepi banget,neutral
eh tadi malam ada yang berubah ya,neutral
gw masih loading aturan gamenya,neutral
santai dulu guys jangan pada panik,neutral
kok semua diem sih,neutral
lah suara chat gw hilang,neutral
ini yang gag order aktif bukan sih,neutral
buset suasananya tegang banget,neutral
baru ronde pertama udah pada curiga,neutral
gw kira malamnya bakal lebih lama,neutral
eh ada yang tahu kapan voting dibuka,neutral
wkwk sistemnya lumayan bikin deg-degan,neutral
kok nama pemainnya tinggal segini,neutral
lah langsung dieksekusi dong,neutral
aku masih bingung bedain fase siang sama malam,neutral
ini game beneran bikin overthinking,neutral
sabar ya kita baca situasi dulu,neutral
chat terkunci lagi guys,neutral
waduh ada yang kena hostage berarti,neutral
kok tidak ada notifikasi detailnya,neutral
mereka semua mendadak serius banget,neutral
gw cuma nunggu orang-orang mulai ngomong,neutral
fix suasananya lebih serem dari namanya,neutral
eh tadi siapa yang tiba-tiba hilang dari chat,neutral
aku baru masuk sudah ada tribunal,neutral
ini votingnya kelihatan semua ya,neutral
kamu dengar suara sistem juga tidak,neutral
wkwk baru mulai sudah heboh,neutral
kayaknya ronde ini bakal panjang,neutral
lah kok targetnya tidak kelihatan,neutral
semoga malam ini aman-aman saja,neutral
gw belum terbiasa sama cooldown skillnya,neutral
oh jadi malam itu semua chat memang dikunci,neutral
gila cepat banget proses eksekusinya,neutral
ada yang mau jelasin alur game singkat,neutral
aku kira Stalker bisa intip tiap malam,neutral
ternyata tiap ronde ada fase yang beda,neutral
kok tombol votenya belum muncul,neutral
lu jangan spam dulu sistemnya lagi jalan,neutral
ini benar-benar cuma adu omongan ya,neutral
wah pemainnya makin sedikit,neutral
sumpah efek malamnya bikin penasaran,neutral
tadi aku sempat kira koneksiku putus,neutral
eh sekarang sudah masuk pagi lagi,neutral
kami masih mencoba memahami mekaniknya,neutral
mereka ribut sementara aku baca chat,neutral
oke lanjut saja ronde berikutnya,neutral
