"teks_chat","label_intent"
"Aku civilian tau, tadi malam jelas jelas aku tidak melakukan apa-apa.","bluffing"
"bukan aku wehh, aku sebenarnya spy tadi malam aku itu jaga si jance","bluffing"
"aku sebenarnya stalker bro, tadi malam aku peek si kimberly dia itu civilian percaya dah","bluffing"
"ga mungkin aku hitman, klo ga ngapain aku dari tadi cari hitmannya siapa, mending aku diam diam aja","bluffing"
"tadi malam tu aku jaga willson makanya dia engga jadi ke hostage","bluffing"
"gag order itu apa, kok gada ditempatku","bluffing"
"role aku itu orang biasa weh, jangan habisin sesi vote ke aku","bluffing"
"Aku semalam Peek nathanael, dia itu Spy, aman kok dia.","bluffing"
"sebenarnya yang bisa Hostage cuma Hitman, sedangkan di tempatku tadi malam gada muncul apa apa di tempatku","bluffing"
"Aku Spy, semalam emang sengaja Guard orang yang beda dari round sebelumnya.","bluffing"
"aku diam tu bukan karena habis pakai skill, aku cuma lagi coba baca ulang chat kalian.","bluffing"
"Aku tu bukan Hitman, aku sekarang juga ikutan curiga ke orang yang mendadak hilang suaranya itu kena Hostage.","bluffing"
"Semalam aku gada ngapa ngapain aku tu dapat role Civilian","bluffing"
"Gue Stalker dan skill Peek gue masih cooldown, jadi jelas gue nggak punya aksi malam tadi.","bluffing"
"Gue yg guard nixon semalem, jadi jangan asal nyimpulin dia aman gara-gara hal lain.","bluffing"
"klo ada yg kena gag order barusan, sumpah bukan gue yg pake.","bluffing"
"gue mah pure civilian dari awal, boro-boro punya skill malam.","bluffing"
"semalem gue nyoba guard jessica sih, cuma gatau juga dia diincer hitman apa kagak.","bluffing"
"gue udh peek si nico, hasilnya dia bukan hitman weh.","bluffing"
"salah orang lu pada klo vote gue, gue cuma warga biasa yg lagi merhatiin  doang.","bluffing"
"ga mungkin gue yg hostage tammy, semalem aja tombol skill gue kaga ada.","bluffing"
"role gue spy bro, semalem gue emang sengaja guard derrick soalnya dia dituduh mulu.","bluffing"
"aku stalker nih, hasil peek ku semalem si valdric itu civilian.","bluffing"
"steve diem tuh bukan berarti gue yg pake gag order, kali aja emang dia lagi ga ngetik kan.","bluffing"
"nengo dari tadi aku kita diskusi bisa kelihatan aku hitman atau bukan","bluffing"
"target guard aku semalem itu tata, bukan orang yg kalian sebutin dari tadi.","bluffing"
"aku warga asli, kalo aku hitman mah dari tadi yg bisa chat udh pada ilang kubikin karna nuduh aku.","bluffing"
"hasil peek gue ke nuel semalem itu dia spy.","bluffing"
"ngapain juga gue bungkam jessica, orang dari tadi dia yg belain gue.","bluffing"
"semalem gue ga bisa peek weh, cooldown stalker gue belum kelar.","bluffing"
"gue tu memang civilian, info gue ya cuma nebak-nebak dari chat doang ga ada skill.","bluffing"
"klo lu pada curiga gara-gara gue diem aja, gue tadi cuma afk bentar astaga.","bluffing"
"gue spy dan guard gue semalem itu berhasil, cuma emang sistemnya ga ngasih tau sapa yg diserang.","bluffing"
"gue bukan hitman dah, dari tadi gue cuma nyatet siapa aja yg saling tuduh doang.","bluffing"
"semalem aku yg guard halim, jadi jelas bukan aku yg hostage.","bluffing"
"aku stalker bro, baru bisa peek lagi ntar ronde depan.","bluffing"
"tuduhan soal gag order itu ngawur bgt dah, role gue mana ada skill kek gitu.","bluffing"
"aku civilian weh, klo ada yg aneh-aneh pas malam jangan disangkut-pautin ke aku lah.","bluffing"
"hasil peek gue nunjukin si kimberly bukan hitman kok.","bluffing"
"semalem aku guard sebastian soalnya ronde kemarin udh jaga orang yg beda.","bluffing"
"aku ga pernah bilang punya info valid ya, aku cuma civilian yg nebak dari chat aja.","bluffing"
"klo aku hitman, ngapain coba dari awal aku malah nyuruh kalian ngecek  hostage?","bluffing"
"gue spy, semalem target guard gue si frandy, malam sebelumnya orang lain.","bluffing"
"aku stalker, semalem aku udh peek jance dan hasilnya dia emang civilian.","bluffing"
"gue kaga ada pake gag order ke nixon dah, dia emang udh diem sebelum gue nongol.","bluffing"
"role gue warga biasa, jadi kalo ada yg bilang gue gerak pas malam itu ngaco bgt.","bluffing"
"semalem gue fokus guard tammy, makanya ga ngeh ada kejadian apa ke yg lain.","bluffing"
"gue udh peek derrick, dia bukan hitman weh, jadi mending jangan vote dia dulu.","bluffing"
"gue mana ada skill buat ngilangin hak vote orang, buset.","bluffing"
"klo tata ga bisa chat, jangan asal main tuduh itu gara-gara gue napa.","bluffing"
"gue civilian polos bro, layar gue semalem cuma mentok loading nungguin pagi.","bluffing"
"gue spy weh, skill guard kan ga bisa dipake ke target yg sama dua kali, makanya gue ganti target.","bluffing"
"semalem hasil peek gue ke valdric itu nujukin dia spy.","bluffing"
"gue kaga pernah hostage siapapun, ini gue justru lagi nyari siapa yg paling sus diliar dari nya.","bluffing"
"gag order barusan bukan ulah gue sumpah, di gue gada tombolnya woy.","bluffing"
"aku warga asli bukan hitman, cek aja omongan aku konsisten dari ronde pertama kan.","bluffing"
"semalem aku sengaja guard jessica soalnya dia yg paling banyak omong kemaren.","bluffing"
"gue stalker tapi semalem ga bisa peek gara-gara masih cooldown.","bluffing"
"aku civilian wehh, jadi ga ada info malam apapun yg bisa aku spil.","bluffing"
"salah paham lu pada, gue tadi sempet diem gara-gara dc bentar .","bluffing"
"bukan gue weh yg bikin steve diam woi, dia emang udh off ngetik dari sebelumnya.","bluffing"
"aku spy bro, target guard ku semalem si tammy.","bluffing"
"aku udh peek nuel nih, rolenya aman civilian.","bluffing"
"logika aja klo aku hitman, mana berani aku terang-terangan belain orang yg lagi dicurigain kek gini.","bluffing"
"di gue kaga ada tombol hostage apalagi gag order dah.","bluffing"
"role aku stalker weh, hasil peek terkahir ku jelas-jelas bilang halim itu warga.","bluffing"
"aku mah cuma civilian, senjata ku cuma nebak-nebak di chat sama ngevote doang.","bluffing"
"semalem gue guard kimberly weh, bukan orang yg tiba-tiba bisu pagi ini.","bluffing"
"gue ga nyandera siapa-siapa ya, klo ada yg mendadak diam mending lu sus in yg lain dah.","bluffing"
"aku baru bisa peek lagi dua ronde setelah pake, jadi semalem aku emang pasif banget.","bluffing"
"gue spy bro, sengaja ga sebutin target guard dari awal biar hitman pusing baca  kita.","bluffing"
"mana ada gue pake gag order, gue aja lagi sibuk belain diri pas dia mendadak bisu.","bluffing"
"gue civilian, lu pada nuduh cuma gara-gara gue telat bales chat doang astaga.","bluffing"
"semalem aku udah peek si nico, dia bukan hitman kok.","bluffing"
"gue guard jance semalem, beda target kok sama malam kemarin.","bluffing"
"klo kalian tetep maksa vote gue yaudah, paling kalian rugi buang satu civilian yang beneran asli.","bluffing"
"aku bukan hitman woy, tebakan aku cuma murni dari mantau chat doang.","bluffing"
"gue stalker sih, cuma dari kemarin hasil peek gue dapetnya warga mulu blm nemu hitmannya.","bluffing"
"gue spy dan skill gue cuma bisa guard doang, mana mungkin bisa bungkam orang","bluffing"
"gue civilian woy, jangan gara-gara ada orang diem malah nuduh skillnya dari gue.","bluffing"
"semalem lu guard sapa dah?","probing"
"katanya lu spy, trus malam sebelumnya lu guard siapa?","probing"
"klo emang stalker, terakhir lu nge-peek siapa?","probing"
"hasil peek lu ke dia apaan rolenya?","probing"
"kok lu mendadak diem sih hbs nuduh si derrick?","probing"
"eh ada yg ngerasa sempet kena gag order ga barusan?","probing"
"yg pertama kali ngeh sebastian kaga bisa ngetik siapa dah?","probing"
"lu yakin dia di hostage? apa jangan-jangan cuma nebak gara-gara dia diem aja?","probing"
"tumben lu baru sekarang ngaku-ngaku spy?","probing"
"klo misal semalem lu guard tata, trus ronde kemarin lu guard siapa cuy?","probing"
"ada yg tau info rolenya nixon ga nih?","probing"
"dari tadi yg paling ngotot belain orang yg bisu ini siapa dah?","probing"
"menurut lu pada, yg kaga ngevote tadi emang di-hostage apa sengaja golput?","probing"
"lu bilang udh peek tammy, itu dipakenya pas kapan dah?","probing"
"cooldown peek lu harusnya udh kelar apa masih nunggu satu ronde lagi sih?","probing"
"klo nurut lu, yg paling untung pas jance kena gag order tu siapa?","probing"
"kenapa lu tiba-tiba ganti target tuduhan habis fase malam?","probing"
"eh sebelum si steve bisu, dia terakhir kali nyurigain siapa dah?","probing"
"ada yg nyadar  target hostage dari ronde kemaren kaga?","probing"
"klo lu emang warga, kok bisa seyakin itu bilang si nico aman?","probing"
"kok lu bisa yakin bgt serangan hostage semalem gagal dah?","probing"
"eh yg jadi spy, emang ada notif ya dari sistem klo guard kita berhasil nahan hostage?","probing"
"semalem lu guard orang yg sama kek kemaren apa ganti target?","probing"
"coba cek deh, sapa yg daritadi kaga pernah nyumbang curiga ke hitmannya?","probing"
"lu kok kepo bgt sih nanyain target guard orang mulu?","probing"
"klo dia beneran stalker, hasil peek mana coba yg nyambung sama omongannya?","probing"
"sapa yg tadi gercep bgt ngalihin obrolan pas orang itu dibungkam?","probing"
"alesan lu milih dia buat di-peek apaan dah?","probing"
"tadi bilangnya kaga ada aksi malam, brarti lu ngaku jadi warga polos nih?","probing"
"kok target guard lu selalu orang yg lagi rame dituduh dah?","probing"
"ada yg inget ga sapa aja yg kaga ikut nge-vote ronde kemarin?","probing"
"orang yg diem pas pagi ini, semalem masih pada bisa nge-vote kagak ya?","probing"
"menurut lu bedanya ciri-ciri orang di-hostage sama kena gag order tuh apaan?","probing"
"klo gag ordernya bentaran doang, terakhir dia ngechat kapan dah?","probing"
"yg pertama kali nyeletuk orang diem itu krn afk siapa weh?","probing"
"kok lu belain dia sih padahal kan blm ada kepastian hasil peek?","probing"
"lu tau rolenya gara-gara peek apa cuma modal feeling doang?","probing"
"klo bener lu spy, kok lu baru aktif sekarang ga dari awal?","probing"
"coba pikir, sapa yg paling punya motif buat ngebungkam nixon?","probing"
"ada ga nih yg ngaku nge-guard orang yg sama pas semalem?","probing"
"tadi bilangnya peek lu cooldown, emang terakhir lu pake kapan dah?","probing"
"kok lu kaga nge-vote orang yg lu curigain dari awal dah jangan jangan kalian kerja sama ya?","probing"
"sapa nih yg omongannya tiba-tiba berubah bgt hbs tribunal kemarin?","probing"
"misal hostagenya gagal gara-gara guard, yg kira-kira jadi target semalem siapa ya?","probing"
"ada yg bisa mastiin ngaku spy-nya dari  dua malem sebelumnya ga?","probing"
"kok lu langsung nyimpulin dia kena hostage padahal sistem kaga ada ngumumin tuh?","probing"
"yg dari tadi paling pengen vote orang keluar sapa aja nih?","probing"
"klo lu emang stalker, knp info peek sepenting itu baru dibongkar sekarang?","probing"
"lu yakin tuh hasil peek buat ronde ini? bukan info basi dari ronde sebelumnya?","probing"
"yg terakhir kali chat-an sama si korban sebelum dia bisu itu siapa ya?","probing"
"eh pagi ini ada yg ngerasa tombol votenya tiba-tiba ilang ga?","probing"
"klo beneran ada yg kena hostage, kira-kira  kayak gimana nih yg bisa kita intip?","probing"
"lu kok tiba-tiba nuduh dia yg pake gag order dah?","probing"
"menurut lu pada sapa yg paling ketar-ketir sama infonya stalker?","probing"
"klo lu bukan hitman, ngapain aktif bgt nanyain siapa target yg di-guard?","probing"
"lu pegang bukti chat ga yg bikin lu seyakin itu klo dia boong soal rolenya?","probing"
"sapa tuh yg kemaren ngakunya warga biasa tapi skrg tiba-tiba bawa info malam?","probing"
"pada inget ga urutan orang yg mendadak bisu hbs malam selesai?","probing"
"kok lu gampang bgt percaya hasil peek dia tanpa ngecek kebenarannya sih?","probing"
"klo dua-duanya ngaku spy, coba cek deh omongan siapa yg paling sesuai sama mekanik guard?","probing"
"semalem lu pake skill mu ga atau masih lagi cooldown?","probing"
"menurut lu sapa yg paling dapet untung milih korban hostage itu?","probing"
"klo lu jadi hitman, kira-kira alesannya apa dah milih nge-hostage dia?","probing"
"klo misal target guard lu beneran selamat, itu cukup buat ngebuktiin lu spy ga sih?","probing"
"lu dari tadi knp ngeles mulu pas ditanya soal target semalem dah?","probing"
"ini sapa yg belum ngasih alasan kenapa mendadak ganti orang votenya?","probing"
"ada yg udh sempet peek orang yg sekarang ngaku-ngaku spy ini kaga?","probing"
"bukannya klo cuma kena gag order tuh orangnya masih bisa ngevote ya?","probing"
"tadi siapa dah yg kelihatannya nge-vote tapi di chat malah bisu total?","probing"
"jangan-jangan dia emang sengaja pura-pura afk biar dikira kena hostage ga sih?","probing"
"kok lu klarifikasi padahal kaga ada yg nuduh lu?","probing"
"lu bisa taunya dia civilian darimana dah?","probing"
"yg hobinya nyebut orang aman aman tanpa modal peek siapa aja hayo?","probing"
"eh terakhir kali korban yg bisu itu ngirim chat jam berapa dah?","probing"
"klo semalem lu nge-guard dia, kenapa sekarang lu tetep nyurigain dia hitmannya?","probing"
"ada yg paham ga kenapa udh dua ronde orang yg sus selalu lolos dari vote?","probing"
"sapa nih yg keliatannya manfaatin silent terror biar bikin kita salah milih?","probing"
"misal vote kita kali ini ampas, yg paling untung sapa dah?","probing"
"lu beneran mo kasih semua info role sekarang? ga bahaya ta?","probing"
"coba perhatiin, sapa yg omongannya dari tadi pagi sampe abis malem paling aneh?","probing"
"vote derrick aja dulu, dari tadi chatnya paling ga jelas.","persuading"
"jgn buang vote ke tata weh, ngaku spynya dia masih make sense sama mekanik guard.","persuading"
"fokus ke sebastian aja, dia paling enak tuh pas orang yg nyurigain dia tiba-tiba bisu.","persuading"
"hold dulu vote si nixon, mending kita tunggu hasil peek dari stalker.","persuading"
"biar aman gausah pada spil target guard dlu napa, ntar hitmannya makin gampang baca.","persuading"
"mending kita ikutin info stalker sih, langsung aja gantung orang yg udh dia tandain hitman.","persuading"
"jangan asal ngira yg diem itu afk ya, curigain aja dlu dia kena hostage.","persuading"
"udh kita sepakat vote satu orang aja biar suara ga pecah dan  biar hitmannya ga lolos.","persuading"
"jangan gampang kepancing buat nuduh sembarangan, cek dulu tuh sapa yg ngubah cerita abis malam.","persuading"
"vote gue sih ke nico, mending lu pada percaya dah soalnya dia udh dua kali ganti ngaku role.","persuading"
"biarin aja spy-nya nyembunyiin target guard bro, biar hitman kaga gampang baca .","persuading"
"jangan vote tammy sekarang woy,  peek nya tadi udh jelas nunjukin dia itu warga.","persuading"
"kita kudu curigain orang yg maksa nanya target guard sih, itu mah info mateng buat si hitman.","persuading"
"fokus aja cari sapa yg pny alasan kuat buat bikin janice dia, jgn cuma liatin yg berisik doang.","persuading"
"klo ada dua orang ngaku spy, langsung aja sus-in yg ngaku guard target yg sama dua kali, aturannya ga gitu woy.","persuading"
"jangan telan mentah-mentah yang ngaku role dah, curiga aku sama gerak-gerik dia di dua ronde kemaren.","persuading"
"kita vote steve weh, dia doang tuh yg tiba-tiba dapet info malam pdhl ngakunya civilian.","persuading"
"gausah spil hasil peek yg kurang penting dulu dah, nanti hotman tau pula siapa yang guard.","persuading"
"jangan pecah pecah vote kita jadi tiga gitu, sepakat aja lah vote satu tersangka yg paling kuat.","persuading"
"kasih halim waktu buat jelasin dulu mau guard siapa dlu weh sebelum tribunal ini abis.","persuading"
"menurut gue jgn vote orang yg abis kena gag order sih, kasian bgt dia blm sempet klarifikasi.","persuading"
"klo bener nixon di-hostage, kita udh ilang satu suara loh, warga harus lebih kompak ngevotenya.","persuading"
"arain votenya ke orang yg dari tadi asik manfaatin player bisu buat nyebar tuduhan ngawur.","persuading"
"jangan pake spil tebakan lu sapa stalkernya woy, ntar malah jadi sasarannya hitman ntar malem.","persuading"
"kita prioritasin ngelindungin orang yg bawa info penting dah, jangan ngelindungin yg vokal doang.","persuading"
"udh vote frandy aja, alesan dia soal cooldown peeknya ga nyambung sama history pakenya kemaren.","persuading"
"jangan asal vite kimberly cuma gara-gara dia afk ya, kali aja dia emang korban silent terror.","persuading"
"kita harus pahamin bedanya gag order sama hostage dulu sebelum nentuin siapa yg boong.","persuading"
"ikutin gue vote sebastian, keliatan bgt dia selalu ngalihin obrolan pas ditanya soal skill tadi malam.","persuading"
"jgn kasih tau sapa yg bakal di-guard ntar malem.","persuading"
"klo dapet hasil peek udh fix hitman, langsung jadiin target utama tribunal aja kaga usah ragu.","persuading"
"jgn ngevote krn kesel doang weh, perhatiin jg masuk akal ga.","persuading"
"biarin dulu dah orang yg ngaku stalker hidup, tar kita uji lagi ngakunya ronde depan.","persuading"
"vote jessica aja dlu nih, dia yg ngotot nuduh pemain yg diem tuh aslinya cuma afk doang.","persuading"
"jangan kemakan kata kata derrick, tuduhan ke dia masih blm nyambung sama kejadian malam.","persuading"
"kita kudu sus-in orang yg dari tadi maksa stalker buka semua isi peek-nya sih.","persuading"
"jgn sampe hitman berhasil mecah vote kita pake nuduh random dah, fokus ke yang mencurigakan dulu aja.","persuading"
"menurutku si halim gausah di-vote dlu, soalnya dari kemarin pengakuannya soal guard masih aman.","persuading"
"coba cek n ricek dlu cerita masing-masing sebelum fiks vote dah, jangan cuma ikut mayoritas aja brok.","persuading"
"vote nuel langsung, dia baru kepepet ngaku spy pas alibi pertamanya udh mentok.","persuading"
"gausah repot-repot nanya role yg kaga butuh bgt dah; makin buta si hitman makin bagus buat kita bingung nanti dia.","persuading"
"fokus weh, klo ada yg hak votingnya sampe ilang itu petunjuk yg lebih real daripada cuma sekedar bisu doang.","persuading"
"cecer pertanyaan ke valdric aja dulu, dia dari tadi ngumpet ga jelasin apa-apa soal aksi malemnya.","persuading"
"jgn asal vote tammy dah, info peek dia masih guna banget buat kita ntar ronde depan.","persuading"
"klo ngaku spy kimberly emang valid, mending gausah disuruh nyebut sapa target yg mau dia jagain selanjutnya.","persuading"
"gass vote halim dah, alesannya doi kaga ikutan tribunal aja gonta-ganti mulu dari tadi.","persuading"
"coba telaah sapa yg lagi dibungkam deh, disitu kita bisa liat sapa sebenernya yg lagi ngerasa kegencet argumennya.","persuading"
"jgn mikir orang bawel itu pasti warga ya, hitman mah jago pura-pura sibuk ngechat biar keliatan nolong.","persuading"
"udh lah sepakat aja kita tembak ke satu sus yg omongannya paling aneh, jgn ada yg mecah vote lagi.","persuading"
"tahan dlu eksekusi tammy ronde ini dah, soalnya info yg ngarah ke dia masih kaga sinkron sama sekali.","persuading"
"menurut gue sih target yg paling pas cuma si nuel, dari tiga ngaku dia tuh ga ada nyambung-nyambungnya.","persuading"
"jangan gampang kena tipu sama orang yg nyebut hostage semalem gagal padahal ga ada buktinya woy.","persuading"
"kita wajib ngelindungin sumber intel nih, jangan maksa stalker ngebongkar jati dirinya secepet ini dah.","persuading"
"vote aja langsung orang yg ngakunya guard target yg sama sampe dua malem berturut-turut; aturannya spy ga kek gitu cuy.","persuading"
"jangan jadiin sasaran empuk lu orang-orang yg afk , si hitman udh pasti manfaatin  gituan.","persuading"
"kita tes dulu deh orang yg kaga bisa ngetik ini masih bisa ngevote apa kagak sebelum nyimpulin dia di-hostage.","persuading"
"klo dia aja masih bisa ngevote, ywdh gausah asal nuding klo dia abis di-hostage woy.","persuading"
"perhatiin  orang yg ngaku role ngawur dah, gausah ngurusin sapa yg ngetik paling banyak mulu.","persuading"
"jgn kasih kesempatan buat ngalihin topik bahasan dah; kumpulin dulu hal hal yang mencurigakan dari kejadian semalem tadi.","persuading"
"vote valdric fix, dia doang tuh yg aneh bgt tau terlalu byk urusan target guard tanpa ngasih kejelasan apapun.","persuading"
"mending kita keep aja satu sus cadangan, tapi semua tetap nge-vote ke kandidat utama biar kelar.","persuading"
"jangan main percata tuduhan yg baru dari tadi beda beda terus tanpa ngasih bukti real dah.","persuading"
"kasih waktu dlu napa buat orang yg abis kena gag order ini buat ceritain versinya dia.","persuading"
"vote si nico langsung ntar klo dia emang tetap ga bisa ngasih tau kapan dia makenya skill peek tuh.","persuading"
"jangan malah ngorbanin warga biasa cuma garagara dia pasif weh, cari tuh orang yang lebih sus.","persuading"
"menurut gue sih kita mending mantau info-info yg emang udh dipastiin benernya aja","persuading"
"astaga jangan ngebuka plan buat strategi guard kita, si hitman bakalan nyusun strategi lagi tar ","persuading"
"vote aja si janice, dia tiap ngebelain seseorg pas banget sebelum targetnya ilang suaranya.","persuading"
"jgn sampe gegara panik ginian malah bikin kita asal ngevote orang.","persuading"
"kita kudu gunain tribunal semaksimalnya weh buat nekan abis-abisan orang yg omongannya saling berlawanan sebelum voting ditutup.","persuading"
"klo emg stalker udh megang hasil penting buka seperlunya aja udh cukup biar kita pada bisa sepemikiran vote nya.","persuading"
"jgn asal hajar steve dlu woy; dia kan masih bawa info yg belum kelar disampein gegara dibungkam tadi.","persuading"
"coba cek lagi dah sapa dari tadi yg suka nyeletuk bilang orang lain itu safe tanpa bawa bukti apapa, kan malah jadi nyurigain tuh.","persuading"
"vote jessica aja weh, dia ngaku ngaku civilian mah dari tadi ga nyambung sama omongan tiap malem yg diceritain dia sendiri tadi.","persuading"
"jgn gampang kejebak orang yg tiba-tiba ngaku korban gag order dah; cek dulu aja dari pergerakannya dia konsisten kaga .","persuading"
"pastiin dul jangan tebak tebakan weh pastiin aman dulu klo ga rugi vote kita.","persuading"
"gantungin langsung orang yg hobi banget mecah konsen suara ke sus yang baru pdhl tribunal mo slese.","persuading"
"jangan biarin hitman nyabet win dari pecahnya voting kita dah, all-in in satu suara ke dia lah skrg.","persuading"
"keep dulu dah tu pemain yg ngakunya konsisten dan kita curigaion orang yg gonta ganti role mulu.","persuading"
"menurut gue mending vote si janice aja dia paling mencurigakan disini, diam diam tidak bersuara ","persuading"